700076,LITE
700076,METRO PLUS
700076,METRO OFFICE COLLECT PLUS
700076,METRO PLUS PEC
700076,METRO BLUE PEC
700076,PRIORITY EXPRESS - METRO SBD
700076,PRIORITY EXPRESS CARGO - METRO SBD
700076,PRIORITY EXPRESS - METRO NBD
700076,PRIORITY SURFACE
700076,PRIORITY EXPRESS CARGO - METRO NBD
700077,LITE
700077,METRO PLUS
700077,METRO OFFICE COLLECT PLUS
700077,METRO PLUS PEC
700077,METRO BLUE PEC
700077,PRIORITY EXPRESS - METRO SBD
700077,PRIORITY EXPRESS CARGO - METRO SBD
700077,PRIORITY EXPRESS - METRO NBD
700077,PRIORITY SURFACE
700077,PRIORITY EXPRESS CARGO - METRO NBD
700078,LITE
700078,METRO PLUS
700078,METRO OFFICE COLLECT PLUS
700078,METRO PLUS PEC
700078,METRO BLUE PEC
700078,PRIORITY EXPRESS - METRO NBD
700078,PRIORITY SURFACE
700078,PRIORITY EXPRESS CARGO - METRO NBD
700078,PRIORITY EXPRESS - METRO SBD
700078,PRIORITY EXPRESS CARGO - METRO SBD
700079,LITE
700079,METRO PLUS
700079,METRO OFFICE COLLECT PLUS
700079,METRO BLUE PEC
700079,METRO PLUS PEC
700079,PRIORITY SURFACE
700079,PRIORITY EXPRESS CARGO - METRO NBD
700079,PRIORITY EXPRESS - METRO SBD
700079,PRIORITY EXPRESS CARGO - METRO SBD
700079,PRIORITY EXPRESS - METRO NBD
700080,LITE
700080,METRO PLUS
700080,METRO OFFICE COLLECT PLUS
700080,METRO PLUS PEC
700080,METRO BLUE PEC
700080,PRIORITY EXPRESS CARGO - METRO SBD
700080,PRIORITY EXPRESS - METRO NBD
700080,PRIORITY SURFACE
700080,PRIORITY EXPRESS CARGO - METRO NBD
700080,PRIORITY EXPRESS - METRO SBD
700082,LITE
700082,METRO PLUS
700082,METRO OFFICE COLLECT PLUS
700082,METRO PLUS PEC
700082,METRO BLUE PEC
700082,PRIORITY EXPRESS CARGO - METRO SBD
700082,PRIORITY EXPRESS - METRO NBD
700082,PRIORITY SURFACE
700082,PRIORITY EXPRESS CARGO - METRO NBD
700082,PRIORITY EXPRESS - METRO SBD
700083,LITE
700083,METRO PLUS
700083,METRO OFFICE COLLECT PLUS
700083,METRO PLUS PEC
700083,METRO BLUE PEC
700083,PRIORITY EXPRESS CARGO - METRO SBD
700083,PRIORITY EXPRESS - METRO NBD
700083,PRIORITY SURFACE
700083,PRIORITY EXPRESS CARGO - METRO NBD
700083,PRIORITY EXPRESS - METRO SBD
700084,LITE
700084,METRO PLUS
700084,METRO OFFICE COLLECT PLUS
700084,METRO PLUS PEC
700084,METRO BLUE PEC
700084,PRIORITY EXPRESS - METRO NBD
700084,PRIORITY SURFACE
700084,PRIORITY EXPRESS CARGO - METRO NBD
700084,PRIORITY EXPRESS - METRO SBD
700084,PRIORITY EXPRESS CARGO - METRO SBD
700085,LITE
700085,METRO PLUS
700085,METRO OFFICE COLLECT PLUS
700085,METRO PLUS PEC
700085,METRO BLUE PEC
700085,PRIORITY EXPRESS - METRO SBD
700085,PRIORITY EXPRESS CARGO - METRO SBD
700085,PRIORITY EXPRESS - METRO NBD
700085,PRIORITY SURFACE
700085,PRIORITY EXPRESS CARGO - METRO NBD
700086,LITE
700086,METRO PLUS
700086,METRO OFFICE COLLECT PLUS
700086,METRO PLUS PEC
700086,METRO BLUE PEC
700086,PRIORITY EXPRESS - METRO SBD
700086,PRIORITY EXPRESS CARGO - METRO SBD
700086,PRIORITY EXPRESS - METRO NBD
700086,PRIORITY SURFACE
700086,PRIORITY EXPRESS CARGO - METRO NBD
700087,LITE
700087,METRO PLUS
700087,METRO OFFICE COLLECT PLUS
700087,METRO PLUS PEC
700087,METRO BLUE PEC
700087,PRIORITY EXPRESS - METRO NBD
700087,PRIORITY SURFACE
700087,PRIORITY EXPRESS CARGO - METRO NBD
700087,PRIORITY EXPRESS - METRO SBD
700087,PRIORITY EXPRESS CARGO - METRO SBD
700088,LITE
700088,METRO PLUS
700088,METRO OFFICE COLLECT PLUS
700088,METRO PLUS PEC
700088,METRO BLUE PEC
700088,PRIORITY EXPRESS - METRO NBD
700088,PRIORITY SURFACE
700088,PRIORITY EXPRESS CARGO - METRO NBD
700088,PRIORITY EXPRESS - METRO SBD
700088,PRIORITY EXPRESS CARGO - METRO SBD
700089,LITE
700089,METRO PLUS
700089,METRO OFFICE COLLECT PLUS
700089,METRO PLUS PEC
700089,METRO BLUE PEC
700089,PRIORITY EXPRESS - METRO NBD
700089,PRIORITY SURFACE
700089,PRIORITY EXPRESS CARGO - METRO NBD
700089,PRIORITY EXPRESS - METRO SBD
700089,PRIORITY EXPRESS CARGO - METRO SBD
700090,LITE
700090,METRO PLUS
700090,METRO OFFICE COLLECT PLUS
700090,METRO PLUS PEC
700090,METRO BLUE PEC
700090,PRIORITY EXPRESS - METRO NBD
700090,PRIORITY SURFACE
700090,PRIORITY EXPRESS CARGO - METRO NBD
700090,PRIORITY EXPRESS - METRO SBD
700090,PRIORITY EXPRESS CARGO - METRO SBD
700091,LITE
700091,METRO PLUS
700091,METRO OFFICE COLLECT PLUS
700091,METRO PLUS PEC
700091,METRO BLUE PEC
700091,PRIORITY EXPRESS CARGO - METRO SBD
700091,PRIORITY EXPRESS - METRO NBD
700091,PRIORITY SURFACE
700091,PRIORITY EXPRESS CARGO - METRO NBD
700091,PRIORITY EXPRESS - METRO SBD
700092,LITE
700092,METRO PLUS
700092,METRO OFFICE COLLECT PLUS
700092,METRO PLUS PEC
700092,METRO BLUE PEC
700092,PRIORITY EXPRESS CARGO - METRO SBD
700092,PRIORITY EXPRESS - METRO NBD
700092,PRIORITY SURFACE
700092,PRIORITY EXPRESS CARGO - METRO NBD
700092,PRIORITY EXPRESS - METRO SBD
700093,LITE
700093,METRO PLUS
700093,METRO OFFICE COLLECT PLUS
700093,METRO PLUS PEC
700093,METRO BLUE PEC
700093,PRIORITY EXPRESS CARGO - METRO SBD
700093,PRIORITY EXPRESS - METRO NBD
700093,PRIORITY SURFACE
700093,PRIORITY EXPRESS CARGO - METRO NBD
700093,PRIORITY EXPRESS - METRO SBD
700094,LITE
700094,METRO PLUS
700094,METRO OFFICE COLLECT PLUS
700094,METRO PLUS PEC
700094,METRO BLUE PEC
700094,PRIORITY EXPRESS CARGO - METRO SBD
700094,PRIORITY EXPRESS - METRO NBD
700094,PRIORITY SURFACE
700094,PRIORITY EXPRESS CARGO - METRO NBD
700094,PRIORITY EXPRESS - METRO SBD
700095,LITE
700095,METRO PLUS
700095,METRO OFFICE COLLECT PLUS
700095,METRO PLUS PEC
700095,METRO BLUE PEC
700095,PRIORITY EXPRESS CARGO - METRO SBD
700095,PRIORITY EXPRESS - METRO NBD
700095,PRIORITY SURFACE
700095,PRIORITY EXPRESS CARGO - METRO NBD
700095,PRIORITY EXPRESS - METRO SBD
700096,LITE
700096,METRO PLUS
700096,METRO OFFICE COLLECT PLUS
700096,METRO PLUS PEC
700096,METRO BLUE PEC
700096,PRIORITY EXPRESS CARGO - METRO SBD
700096,PRIORITY EXPRESS - METRO NBD
700096,PRIORITY SURFACE
700096,PRIORITY EXPRESS CARGO - METRO NBD
700096,PRIORITY EXPRESS - METRO SBD
700097,LITE
700097,METRO PLUS
700097,METRO OFFICE COLLECT PLUS
700097,METRO PLUS PEC
700097,METRO BLUE PEC
700097,PRIORITY EXPRESS CARGO - METRO SBD
700097,PRIORITY EXPRESS - METRO NBD
700097,PRIORITY SURFACE
700097,PRIORITY EXPRESS CARGO - METRO NBD
700097,PRIORITY EXPRESS - METRO SBD
700098,LITE
700098,METRO PLUS
700098,METRO OFFICE COLLECT PLUS
700098,METRO PLUS PEC
700098,METRO BLUE PEC
700098,PRIORITY EXPRESS CARGO - METRO SBD
700098,PRIORITY EXPRESS - METRO NBD
700098,PRIORITY SURFACE
700098,PRIORITY EXPRESS CARGO - METRO NBD
700098,PRIORITY EXPRESS - METRO SBD
700099,LITE
700099,METRO PLUS
700099,METRO OFFICE COLLECT PLUS
700099,METRO PLUS PEC
700099,METRO BLUE PEC
700099,PRIORITY EXPRESS CARGO - METRO SBD
700099,PRIORITY EXPRESS - METRO NBD
700099,PRIORITY SURFACE
700099,PRIORITY EXPRESS CARGO - METRO NBD
700099,PRIORITY EXPRESS - METRO SBD
700100,LITE
700100,METRO PLUS
700100,METRO OFFICE COLLECT PLUS
700100,METRO PLUS PEC
700100,METRO BLUE PEC
700100,PRIORITY EXPRESS CARGO - METRO SBD
700100,PRIORITY EXPRESS - METRO NBD
700100,PRIORITY SURFACE
700100,PRIORITY EXPRESS CARGO - METRO NBD
700100,PRIORITY EXPRESS - METRO SBD
700101,LITE
700101,METRO PLUS
700101,METRO OFFICE COLLECT PLUS
700101,METRO PLUS PEC
700101,METRO BLUE PEC
700101,PRIORITY EXPRESS CARGO - METRO SBD
700101,PRIORITY EXPRESS - METRO NBD
700101,PRIORITY SURFACE
700101,PRIORITY EXPRESS CARGO - METRO NBD
700101,PRIORITY EXPRESS - METRO SBD
700102,LITE
700102,METRO PLUS
700102,METRO OFFICE COLLECT PLUS
700102,METRO PLUS PEC
700102,METRO BLUE PEC
700102,PRIORITY EXPRESS CARGO - METRO SBD
700102,PRIORITY EXPRESS - METRO NBD
700102,PRIORITY SURFACE
700102,PRIORITY EXPRESS CARGO - METRO NBD
700102,PRIORITY EXPRESS - METRO SBD
700104,LITE
700104,METRO PLUS
700104,METRO OFFICE COLLECT PLUS
700104,METRO PLUS PEC
700104,METRO BLUE PEC
700104,PRIORITY EXPRESS - METRO SBD
700104,PRIORITY EXPRESS CARGO - METRO SBD
700104,PRIORITY SURFACE
700105,LITE
700105,METRO PLUS
700105,METRO OFFICE COLLECT PLUS
700105,METRO PLUS PEC
700105,METRO BLUE PEC
700105,PRIORITY EXPRESS - METRO SBD
700105,PRIORITY EXPRESS CARGO - METRO SBD
700105,PRIORITY EXPRESS - METRO NBD
700105,PRIORITY SURFACE
700105,PRIORITY EXPRESS CARGO - METRO NBD
700106,LITE
700106,METRO PLUS
700106,METRO OFFICE COLLECT PLUS
700106,METRO PLUS PEC
700106,METRO BLUE PEC
700106,PRIORITY EXPRESS - METRO SBD
700106,PRIORITY EXPRESS CARGO - METRO SBD
700106,PRIORITY EXPRESS - METRO NBD
700106,PRIORITY SURFACE
700106,PRIORITY EXPRESS CARGO - METRO NBD
700107,LITE
700107,METRO PLUS
700107,METRO OFFICE COLLECT PLUS
700107,METRO PLUS PEC
700107,METRO BLUE PEC
700107,PRIORITY EXPRESS - METRO SBD
700107,PRIORITY EXPRESS CARGO - METRO SBD
700107,PRIORITY EXPRESS - METRO NBD
700107,PRIORITY SURFACE
700107,PRIORITY EXPRESS CARGO - METRO NBD
700108,LITE
700108,METRO PLUS
700108,METRO OFFICE COLLECT PLUS
700108,METRO PLUS PEC
700108,METRO BLUE PEC
700108,PRIORITY EXPRESS - METRO SBD
700108,PRIORITY EXPRESS CARGO - METRO SBD
700108,PRIORITY EXPRESS - METRO NBD
700108,PRIORITY SURFACE
700108,PRIORITY EXPRESS CARGO - METRO NBD
700110,LITE
700110,NATIONAL PLUS
700110,NATIONAL OFFICE COLLECT PLUS
700110,NATIONAL PLUS PEC
700112,LITE
700112,NATIONAL PLUS
700112,NATIONAL OFFICE COLLECT PLUS
700112,NATIONAL PLUS PEC
700113,LITE
700113,NATIONAL PLUS
700113,NATIONAL OFFICE COLLECT PLUS
700113,NATIONAL PLUS PEC
700114,LITE
700114,NATIONAL PLUS
700114,NATIONAL OFFICE COLLECT PLUS
700114,NATIONAL PLUS PEC
700115,LITE
700115,NATIONAL PLUS
700115,NATIONAL OFFICE COLLECT PLUS
700115,NATIONAL PLUS PEC
700116,LITE
700116,NATIONAL PLUS
700116,NATIONAL OFFICE COLLECT PLUS
700116,NATIONAL PLUS PEC
700117,LITE
700117,NATIONAL PLUS
700117,NATIONAL OFFICE COLLECT PLUS
700117,NATIONAL PLUS PEC
700118,LITE
700118,NATIONAL PLUS
700118,NATIONAL OFFICE COLLECT PLUS
700118,NATIONAL PLUS PEC
700131,LITE
700131,NATIONAL PLUS
700131,NATIONAL OFFICE COLLECT PLUS
700131,NATIONAL PLUS PEC
700131,PRIORITY SURFACE
700131,PRIORITY EXPRESS - ROI B SBD
700131,PRIORITY EXPRESS CARGO - ROI B SBD
700133,LITE
700133,NATIONAL PLUS
700133,NATIONAL OFFICE COLLECT PLUS
700133,NATIONAL PLUS PEC
700133,PRIORITY SURFACE
700133,PRIORITY EXPRESS - ROI B SBD
700133,PRIORITY EXPRESS CARGO - ROI B SBD
700134,LITE
700134,NATIONAL PLUS
700134,NATIONAL OFFICE COLLECT PLUS
700134,NATIONAL PLUS PEC
700134,PRIORITY SURFACE
700134,PRIORITY EXPRESS - ROI B SBD
700134,PRIORITY EXPRESS CARGO - ROI B SBD
700148,LITE
700148,METRO PLUS
700148,METRO OFFICE COLLECT PLUS
700148,METRO PLUS PEC
700148,METRO BLUE PEC
700148,PRIORITY EXPRESS - METRO SBD
700148,PRIORITY SURFACE
700149,LITE
700149,METRO PLUS
700149,METRO OFFICE COLLECT PLUS
700149,METRO PLUS PEC
700149,METRO BLUE PEC
700149,PRIORITY EXPRESS - METRO SBD
700149,PRIORITY EXPRESS CARGO - METRO SBD
700149,PRIORITY EXPRESS - METRO NBD
700149,PRIORITY SURFACE
700149,PRIORITY EXPRESS CARGO - METRO NBD
700151,LITE
700151,METRO PLUS
700151,METRO OFFICE COLLECT PLUS
700151,METRO PLUS PEC
700151,METRO BLUE PEC
700151,PRIORITY EXPRESS - METRO SBD
700151,PRIORITY SURFACE
700152,LITE
700152,METRO PLUS
700152,METRO OFFICE COLLECT PLUS
700152,METRO PLUS PEC
700152,METRO BLUE PEC
711101,LITE
711101,NATIONAL PLUS
711101,NATIONAL OFFICE COLLECT PLUS
711101,NATIONAL PLUS PEC
711104,LITE
711104,NATIONAL PLUS
711104,NATIONAL OFFICE COLLECT PLUS
711104,NATIONAL PLUS PEC
711104,PRIORITY SURFACE
711104,PRIORITY EXPRESS - ROI B SBD
711104,PRIORITY EXPRESS CARGO - ROI B SBD
711105,LITE
711105,NATIONAL PLUS
711105,NATIONAL OFFICE COLLECT PLUS
711105,NATIONAL PLUS PEC
711105,PRIORITY SURFACE
711105,PRIORITY EXPRESS - ROI B SBD
711105,PRIORITY EXPRESS CARGO - ROI B SBD
711106,LITE
711106,NATIONAL PLUS
711106,NATIONAL OFFICE COLLECT PLUS
711106,NATIONAL PLUS PEC
711106,PRIORITY EXPRESS - ROI B SBD
711106,PRIORITY EXPRESS CARGO - ROI B SBD
711107,LITE
711107,NATIONAL PLUS
711107,NATIONAL OFFICE COLLECT PLUS
711107,NATIONAL PLUS PEC
711107,PRIORITY SURFACE
711107,PRIORITY EXPRESS - ROI B SBD
711107,PRIORITY EXPRESS CARGO - ROI B SBD
711112,LITE
711112,NATIONAL PLUS
711112,NATIONAL OFFICE COLLECT PLUS
711112,NATIONAL PLUS PEC
711112,PRIORITY SURFACE
711112,PRIORITY EXPRESS - ROI B SBD
711112,PRIORITY EXPRESS CARGO - ROI B SBD
711113,LITE
711113,NATIONAL PLUS
711113,NATIONAL OFFICE COLLECT PLUS
711113,NATIONAL PLUS PEC
711113,PRIORITY SURFACE
711113,PRIORITY EXPRESS - ROI B SBD
711113,PRIORITY EXPRESS CARGO - ROI B SBD
711202,LITE
711202,NATIONAL PLUS
711202,NATIONAL OFFICE COLLECT PLUS
711202,NATIONAL PLUS PEC
711202,PRIORITY EXPRESS - ROI B SBD
711202,PRIORITY EXPRESS CARGO - ROI B SBD
711321,LITE
711321,NATIONAL PLUS
711321,NATIONAL OFFICE COLLECT PLUS
711321,NATIONAL PLUS PEC
711321,PRIORITY SURFACE
711321,PRIORITY EXPRESS - ROI B SBD
711321,PRIORITY EXPRESS CARGO - ROI B SBD
711322,LITE
711322,NATIONAL PLUS
711322,NATIONAL OFFICE COLLECT PLUS
711322,NATIONAL PLUS PEC
711402,LITE
711402,NATIONAL PLUS
711402,NATIONAL OFFICE COLLECT PLUS
711402,NATIONAL PLUS PEC
711402,PRIORITY SURFACE
711402,PRIORITY EXPRESS - ROI B SBD
711402,PRIORITY EXPRESS CARGO - ROI B SBD
711405,LITE
711405,NATIONAL PLUS
711405,NATIONAL OFFICE COLLECT PLUS
711405,NATIONAL PLUS PEC
712101,LITE
712101,NATIONAL BLUE
712101,NATIONAL OFFICE COLLECT BLUE
712101,NATIONAL BLUE PEC
712101,PRIORITY EXPRESS - ROI B SBD
712101,PRIORITY EXPRESS CARGO - ROI B SBD
712102,LITE
712102,NATIONAL BLUE
712102,NATIONAL OFFICE COLLECT BLUE
712102,NATIONAL BLUE PEC
712102,PRIORITY EXPRESS - ROI B SBD
712102,PRIORITY EXPRESS CARGO - ROI B SBD
712105,LITE
712105,NATIONAL BLUE
712105,NATIONAL OFFICE COLLECT BLUE
712105,NATIONAL BLUE PEC
712105,PRIORITY EXPRESS - ROI B SBD
712105,PRIORITY EXPRESS CARGO - ROI B SBD
713101,LITE
713101,NATIONAL OFFICE COLLECT BLUE
713101,NATIONAL BLUE
713101,NATIONAL BLUE PEC
713101,PRIORITY EXPRESS CARGO - ROI B SBD
713101,PRIORITY SURFACE
713101,PRIORITY EXPRESS - ROI B SBD
713102,LITE
713102,NATIONAL OFFICE COLLECT BLUE
713102,NATIONAL BLUE
713102,NATIONAL BLUE PEC
713102,PRIORITY EXPRESS CARGO - ROI B SBD
713102,PRIORITY SURFACE
713102,PRIORITY EXPRESS - ROI B SBD
713103,LITE
713103,NATIONAL OFFICE COLLECT BLUE
713103,NATIONAL BLUE
713103,NATIONAL BLUE PEC
713103,PRIORITY EXPRESS CARGO - ROI B SBD
713103,PRIORITY SURFACE
713103,PRIORITY EXPRESS - ROI B SBD
713104,LITE
713104,NATIONAL OFFICE COLLECT BLUE
713104,NATIONAL BLUE
713104,NATIONAL BLUE PEC
713104,PRIORITY EXPRESS CARGO - ROI B SBD
713104,PRIORITY SURFACE
713104,PRIORITY EXPRESS - ROI B SBD
713128,LITE
713128,PRIORITY EXPRESS CARGO - ROI B SBD
713128,PRIORITY SURFACE
713128,PRIORITY EXPRESS - ROI B SBD
713130,LITE
713130,PRIORITY EXPRESS - ROI B TBD
713130,PRIORITY SURFACE
713130,NATIONAL GREEN
713130,NATIONAL OFFICE COLLECT GREEN
713201,LITE
713201,NATIONAL OFFICE COLLECT BLUE
713201,NATIONAL BLUE
713201,NATIONAL BLUE PEC
713201,PRIORITY EXPRESS CARGO - ROI B SBD
713201,PRIORITY SURFACE
713201,PRIORITY EXPRESS - ROI B SBD
713202,LITE
713202,NATIONAL OFFICE COLLECT BLUE
713202,NATIONAL BLUE
713202,NATIONAL BLUE PEC
713202,PRIORITY EXPRESS CARGO - ROI B SBD
713202,PRIORITY SURFACE
713202,PRIORITY EXPRESS - ROI B SBD
713203,LITE
713203,NATIONAL OFFICE COLLECT BLUE
713203,NATIONAL BLUE
713203,NATIONAL BLUE PEC
713203,PRIORITY EXPRESS CARGO - ROI B SBD
713203,PRIORITY SURFACE
713203,PRIORITY EXPRESS - ROI B SBD
713204,LITE
713204,NATIONAL OFFICE COLLECT BLUE
713204,NATIONAL BLUE
713204,NATIONAL BLUE PEC
713204,PRIORITY EXPRESS CARGO - ROI B SBD
713204,PRIORITY SURFACE
713204,PRIORITY EXPRESS - ROI B SBD
713205,LITE
713205,NATIONAL OFFICE COLLECT BLUE
713205,NATIONAL BLUE
713205,NATIONAL BLUE PEC
713205,PRIORITY EXPRESS CARGO - ROI B SBD
713205,PRIORITY SURFACE
713205,PRIORITY EXPRESS - ROI B SBD
713206,LITE
713206,NATIONAL OFFICE COLLECT BLUE
713206,NATIONAL BLUE
713206,NATIONAL BLUE PEC
713206,PRIORITY EXPRESS CARGO - ROI B SBD
713206,PRIORITY SURFACE
713206,PRIORITY EXPRESS - ROI B SBD
713207,LITE
713207,NATIONAL OFFICE COLLECT BLUE
713207,NATIONAL BLUE
713207,NATIONAL BLUE PEC
713207,PRIORITY EXPRESS CARGO - ROI B SBD
713207,PRIORITY SURFACE
713207,PRIORITY EXPRESS - ROI B SBD
713208,LITE
713208,NATIONAL OFFICE COLLECT BLUE
713208,NATIONAL BLUE
713208,NATIONAL BLUE PEC
713208,PRIORITY EXPRESS CARGO - ROI B SBD
713208,PRIORITY SURFACE
713208,PRIORITY EXPRESS - ROI B SBD
713209,LITE
713209,NATIONAL OFFICE COLLECT BLUE
713209,NATIONAL BLUE
713209,NATIONAL BLUE PEC
713209,PRIORITY EXPRESS CARGO - ROI B SBD
713209,PRIORITY SURFACE
713209,PRIORITY EXPRESS - ROI B SBD
713210,LITE
713210,NATIONAL OFFICE COLLECT BLUE
713210,NATIONAL BLUE
713210,NATIONAL BLUE PEC
713210,PRIORITY EXPRESS CARGO - ROI B SBD
713210,PRIORITY SURFACE
713210,PRIORITY EXPRESS - ROI B SBD
713211,LITE
713211,NATIONAL OFFICE COLLECT BLUE
713211,NATIONAL BLUE
713211,NATIONAL BLUE PEC
713211,PRIORITY EXPRESS CARGO - ROI B SBD
713211,PRIORITY SURFACE
713211,PRIORITY EXPRESS - ROI B SBD
713212,LITE
713212,NATIONAL OFFICE COLLECT BLUE
713212,NATIONAL BLUE
713212,NATIONAL BLUE PEC
713212,PRIORITY EXPRESS CARGO - ROI B SBD
713212,PRIORITY SURFACE
713212,PRIORITY EXPRESS - ROI B SBD
713213,LITE
713213,NATIONAL OFFICE COLLECT BLUE
713213,NATIONAL BLUE
713213,NATIONAL BLUE PEC
713213,PRIORITY EXPRESS CARGO - ROI B SBD
713213,PRIORITY SURFACE
713213,PRIORITY EXPRESS - ROI B SBD
713214,LITE
713214,PRIORITY EXPRESS CARGO - ROI B SBD
713214,PRIORITY SURFACE
713214,PRIORITY EXPRESS - ROI B SBD
713215,LITE
713215,NATIONAL OFFICE COLLECT BLUE
713215,NATIONAL BLUE
713215,NATIONAL BLUE PEC
713215,PRIORITY EXPRESS CARGO - ROI B SBD
713215,PRIORITY SURFACE
713215,PRIORITY EXPRESS - ROI B SBD
713216,LITE
713216,NATIONAL OFFICE COLLECT BLUE
713216,NATIONAL BLUE
713216,NATIONAL BLUE PEC
713216,PRIORITY EXPRESS CARGO - ROI B SBD
713216,PRIORITY SURFACE
713216,PRIORITY EXPRESS - ROI B SBD
713218,LITE
713218,PRIORITY EXPRESS CARGO - ROI B SBD
713218,PRIORITY SURFACE
713218,PRIORITY EXPRESS - ROI B SBD
713219,LITE
713219,PRIORITY EXPRESS CARGO - ROI B SBD
713219,PRIORITY SURFACE
713219,PRIORITY EXPRESS - ROI B SBD
713301,LITE
713301,NATIONAL OFFICE COLLECT BLUE
713301,NATIONAL BLUE
713301,NATIONAL BLUE PEC
713302,LITE
713302,NATIONAL OFFICE COLLECT BLUE
713302,NATIONAL BLUE
713302,NATIONAL BLUE PEC
713303,LITE
713304,LITE
713304,NATIONAL OFFICE COLLECT BLUE
713304,NATIONAL BLUE
713304,NATIONAL BLUE PEC
713305,LITE
713305,NATIONAL OFFICE COLLECT BLUE
713305,NATIONAL BLUE
713305,NATIONAL BLUE PEC
713321,LITE
713321,NATIONAL BLUE
713321,NATIONAL OFFICE COLLECT BLUE
713321,NATIONAL BLUE PEC
713321,PRIORITY SURFACE
713321,PRIORITY EXPRESS - ROI B SBD
713321,PRIORITY EXPRESS CARGO - ROI B SBD
713338,LITE
713340,LITE
713347,LITE
713347,NATIONAL BLUE
713347,NATIONAL OFFICE COLLECT BLUE
713347,NATIONAL BLUE PEC
713347,PRIORITY SURFACE
713347,PRIORITY EXPRESS - ROI B SBD
713347,PRIORITY EXPRESS CARGO - ROI B SBD
713358,LITE
713358,PRIORITY EXPRESS - ROI B SBD
713358,PRIORITY EXPRESS CARGO - ROI B SBD
713358,PRIORITY SURFACE
713358,NATIONAL GREEN
713358,NATIONAL OFFICE COLLECT GREEN
713363,LITE
713363,PRIORITY EXPRESS - ROI B SBD
713363,PRIORITY EXPRESS CARGO - ROI B SBD
713363,PRIORITY SURFACE
713363,NATIONAL GREEN
713363,NATIONAL OFFICE COLLECT GREEN
713406,LITE
713406,PRIORITY EXPRESS - ROI B SBD
713516,LITE
713516,PRIORITY EXPRESS - ROI B TBD
713516,PRIORITY SURFACE
713516,NATIONAL GREEN
713516,NATIONAL OFFICE COLLECT GREEN
713518,LITE
713518,PRIORITY EXPRESS - ROI B TBD
713518,PRIORITY SURFACE
713518,NATIONAL GREEN
713518,NATIONAL OFFICE COLLECT GREEN
721137,LITE
721137,NATIONAL BLUE
721137,NATIONAL OFFICE COLLECT BLUE
721137,NATIONAL BLUE PEC
721145,LITE
721145,NATIONAL OFFICE COLLECT BLUE
721145,NATIONAL BLUE
721145,NATIONAL BLUE PEC
721145,PRIORITY EXPRESS CARGO - ROI B SBD
721145,PRIORITY SURFACE
721145,PRIORITY EXPRESS - ROI B SBD
721171,LITE
721171,NATIONAL BLUE
721171,NATIONAL OFFICE COLLECT BLUE
721171,NATIONAL BLUE PEC
721212,LITE
721212,NATIONAL BLUE
721212,NATIONAL OFFICE COLLECT BLUE
721212,NATIONAL BLUE PEC
721301,LITE
721301,NATIONAL OFFICE COLLECT BLUE
721301,NATIONAL BLUE
721301,NATIONAL BLUE PEC
721301,PRIORITY EXPRESS CARGO - ROI B SBD
721301,PRIORITY SURFACE
721301,PRIORITY EXPRESS - ROI B SBD
721302,LITE
721302,NATIONAL OFFICE COLLECT BLUE
721302,NATIONAL BLUE
721302,NATIONAL BLUE PEC
721302,PRIORITY EXPRESS CARGO - ROI B SBD
721302,PRIORITY SURFACE
721302,PRIORITY EXPRESS - ROI B SBD
721304,LITE
721304,NATIONAL OFFICE COLLECT BLUE
721304,NATIONAL BLUE
721304,NATIONAL BLUE PEC
721304,PRIORITY EXPRESS CARGO - ROI B SBD
721304,PRIORITY SURFACE
721304,PRIORITY EXPRESS - ROI B SBD
721305,LITE
721305,NATIONAL OFFICE COLLECT BLUE
721305,NATIONAL BLUE
721305,NATIONAL BLUE PEC
721305,PRIORITY EXPRESS - ROI B SBD
721305,PRIORITY EXPRESS CARGO - ROI B SBD
721305,PRIORITY SURFACE
721306,LITE
721306,NATIONAL OFFICE COLLECT BLUE
721306,NATIONAL BLUE
721306,NATIONAL BLUE PEC
721306,PRIORITY EXPRESS CARGO - ROI B SBD
721306,PRIORITY SURFACE
721306,PRIORITY EXPRESS - ROI B SBD
721629,LITE
722101,LITE
722101,NATIONAL BLUE
722101,NATIONAL OFFICE COLLECT BLUE
722101,NATIONAL BLUE PEC
722101,PRIORITY SURFACE
722101,PRIORITY EXPRESS - ROI B SBD
722101,PRIORITY EXPRESS CARGO - ROI B SBD
722102,LITE
722102,NATIONAL OFFICE COLLECT BLUE
722102,NATIONAL BLUE
722102,NATIONAL BLUE PEC
722102,PRIORITY EXPRESS CARGO - ROI B SBD
722102,PRIORITY SURFACE
722102,PRIORITY EXPRESS - ROI B SBD
722122,LITE
722122,NATIONAL BLUE
722122,NATIONAL OFFICE COLLECT BLUE
722122,NATIONAL BLUE PEC
722122,PRIORITY EXPRESS - ROI B TBD
722122,PRIORITY SURFACE
722132,LITE
722132,NATIONAL OFFICE COLLECT BLUE
722132,NATIONAL BLUE
722132,NATIONAL BLUE PEC
722132,PRIORITY EXPRESS CARGO - ROI B SBD
722132,PRIORITY SURFACE
722132,PRIORITY EXPRESS - ROI B SBD
722133,LITE
722133,PRIORITY SURFACE
722133,PRIORITY EXPRESS - ROI B SBD
722133,PRIORITY EXPRESS CARGO - ROI B SBD
722137,LITE
722137,PRIORITY EXPRESS CARGO - ROI B SBD
722137,PRIORITY SURFACE
722137,PRIORITY EXPRESS - ROI B SBD
722138,LITE
722138,PRIORITY EXPRESS - ROI B TBD
722138,PRIORITY SURFACE
722138,NATIONAL GREEN
722138,NATIONAL OFFICE COLLECT GREEN
722143,LITE
722143,PRIORITY EXPRESS - ROI B TBD
722143,PRIORITY SURFACE
722143,NATIONAL GREEN
722143,NATIONAL OFFICE COLLECT GREEN
722144,LITE
722144,PRIORITY EXPRESS - ROI B SBD
722144,NATIONAL GREEN
722144,NATIONAL OFFICE COLLECT GREEN
722146,LITE
722146,PRIORITY SURFACE
722146,PRIORITY EXPRESS - ROI B SBD
722146,PRIORITY EXPRESS CARGO - ROI B SBD
722147,LITE
722147,PRIORITY SURFACE
722147,PRIORITY EXPRESS - ROI B TBD
722147,NATIONAL GREEN
722147,NATIONAL OFFICE COLLECT GREEN
722166,LITE
722183,LITE
722183,PRIORITY SURFACE
722183,PRIORITY EXPRESS - ROI B SBD
722183,PRIORITY EXPRESS CARGO - ROI B SBD
723121,LITE
723121,NATIONAL OFFICE COLLECT BLUE
723121,NATIONAL BLUE
723121,NATIONAL BLUE PEC
723133,LITE
723133,NATIONAL OFFICE COLLECT BLUE
723133,NATIONAL BLUE
723133,NATIONAL BLUE PEC
723145,LITE
723146,LITE
723146,NATIONAL OFFICE COLLECT BLUE
723146,NATIONAL BLUE
723146,NATIONAL BLUE PEC
732101,LITE
732101,NATIONAL OFFICE COLLECT BLUE
732101,NATIONAL BLUE
732101,NATIONAL BLUE PEC
732101,PRIORITY EXPRESS CARGO - ROI B SBD
732101,PRIORITY SURFACE
732101,PRIORITY EXPRESS - ROI B SBD
732102,LITE
732102,PRIORITY EXPRESS - ROI B SBD
732102,PRIORITY EXPRESS CARGO - ROI B SBD
732102,PRIORITY SURFACE
732103,LITE
732103,NATIONAL OFFICE COLLECT BLUE
732103,NATIONAL BLUE
732103,NATIONAL BLUE PEC
732103,PRIORITY EXPRESS CARGO - ROI B SBD
732103,PRIORITY SURFACE
732103,PRIORITY EXPRESS - ROI B SBD
732121,LITE
732121,PRIORITY EXPRESS - ROI B SBD
732121,PRIORITY EXPRESS CARGO - ROI B SBD
732121,PRIORITY SURFACE
732123,LITE
732123,NATIONAL OFFICE COLLECT BLUE
732123,NATIONAL BLUE
732123,NATIONAL BLUE PEC
732125,LITE
732125,NATIONAL OFFICE COLLECT BLUE
732125,NATIONAL BLUE
732125,NATIONAL BLUE PEC
732125,PRIORITY SURFACE
732125,PRIORITY EXPRESS - ROI B TBD
732128,LITE
732128,PRIORITY SURFACE
732128,PRIORITY EXPRESS - ROI B TBD
732128,NATIONAL OFFICE COLLECT GREEN
732128,NATIONAL GREEN
732141,LITE
732141,PRIORITY EXPRESS - ROI B SBD
732141,PRIORITY EXPRESS CARGO - ROI B SBD
732141,PRIORITY SURFACE
732142,LITE
732142,PRIORITY EXPRESS - ROI B SBD
732142,PRIORITY EXPRESS CARGO - ROI B SBD
732142,PRIORITY SURFACE
732201,LITE
732201,NATIONAL OFFICE COLLECT BLUE
732201,NATIONAL BLUE
732201,NATIONAL BLUE PEC
732201,PRIORITY EXPRESS CARGO - ROI B SBD
732201,PRIORITY SURFACE
732201,PRIORITY EXPRESS - ROI B SBD
732206,LITE
732206,NATIONAL BLUE
732206,NATIONAL OFFICE COLLECT BLUE
732206,NATIONAL BLUE PEC
732206,PRIORITY EXPRESS - ROI B TBD
732206,PRIORITY SURFACE
732215,LITE
732215,PRIORITY SURFACE
732215,PRIORITY EXPRESS - ROI B SBD
732215,PRIORITY EXPRESS CARGO - ROI B SBD
733101,LITE
733101,NATIONAL BLUE
733101,NATIONAL OFFICE COLLECT BLUE
733101,NATIONAL BLUE PEC
733101,PRIORITY EXPRESS - ROI B SBD
733101,PRIORITY EXPRESS CARGO - ROI B SBD
733101,PRIORITY SURFACE
733124,LITE
733124,NATIONAL OFFICE COLLECT BLUE
733124,NATIONAL BLUE
733124,NATIONAL BLUE PEC
733124,PRIORITY SURFACE
733124,PRIORITY EXPRESS - ROI B TBD
733129,LITE
733129,NATIONAL OFFICE COLLECT BLUE
733129,NATIONAL BLUE
733129,NATIONAL BLUE PEC
733129,PRIORITY SURFACE
733129,PRIORITY EXPRESS - ROI B TBD
733130,LITE
733130,PRIORITY SURFACE
733130,PRIORITY EXPRESS - ROI B TBD
733130,NATIONAL GREEN
733130,NATIONAL OFFICE COLLECT GREEN
733134,LITE
733134,NATIONAL OFFICE COLLECT BLUE
733134,NATIONAL BLUE
733134,NATIONAL BLUE PEC
733134,PRIORITY SURFACE
733134,PRIORITY EXPRESS - ROI B TBD
733201,LITE
733201,NATIONAL BLUE
733201,NATIONAL OFFICE COLLECT BLUE
733201,NATIONAL BLUE PEC
733201,PRIORITY EXPRESS - ROI B TBD
733201,PRIORITY SURFACE
733202,LITE
733202,NATIONAL BLUE
733202,NATIONAL OFFICE COLLECT BLUE
733202,NATIONAL BLUE PEC
733202,PRIORITY EXPRESS - ROI B TBD
733202,PRIORITY SURFACE
734001,LITE
734001,NATIONAL BLUE
734001,NATIONAL OFFICE COLLECT BLUE
734001,NATIONAL BLUE PEC
734001,PRIORITY EXPRESS - ROI B TBD
734001,PRIORITY SURFACE
734003,LITE
734003,PRIORITY SURFACE
734003,PRIORITY EXPRESS - ROI B TBD
734004,LITE
734004,PRIORITY EXPRESS - ROI B TBD
734004,PRIORITY SURFACE
734005,LITE
734005,PRIORITY EXPRESS - ROI B TBD
734005,PRIORITY SURFACE
734006,LITE
734006,PRIORITY EXPRESS - ROI B TBD
734006,PRIORITY SURFACE
734007,LITE
734007,PRIORITY SURFACE
734007,PRIORITY EXPRESS - ROI B TBD
734007,NATIONAL OFFICE COLLECT GREEN
734007,NATIONAL GREEN
734008,LITE
734008,PRIORITY SURFACE
734008,PRIORITY EXPRESS - ROI B TBD
734009,LITE
734009,PRIORITY SURFACE
734009,PRIORITY EXPRESS - ROI B TBD
734009,NATIONAL GREEN
734009,NATIONAL OFFICE COLLECT GREEN
734010,LITE
734010,NATIONAL BLUE
734010,NATIONAL OFFICE COLLECT BLUE
734010,NATIONAL BLUE PEC
734010,PRIORITY EXPRESS - ROI B TBD
734010,PRIORITY SURFACE
734011,LITE
734011,NATIONAL OFFICE COLLECT BLUE
734011,NATIONAL BLUE
734011,NATIONAL BLUE PEC
734011,PRIORITY SURFACE
734011,PRIORITY EXPRESS - ROI B TBD
734012,LITE
734012,PRIORITY SURFACE
734012,PRIORITY EXPRESS - ROI B TBD
734013,LITE
734013,NATIONAL OFFICE COLLECT BLUE
734013,NATIONAL BLUE
734013,NATIONAL BLUE PEC
734013,PRIORITY SURFACE
734013,PRIORITY EXPRESS - ROI B TBD
734014,LITE
734014,PRIORITY EXPRESS - ROI B TBD
734014,PRIORITY SURFACE
734015,LITE
734015,PRIORITY SURFACE
734015,PRIORITY EXPRESS - ROI B TBD
734015,NATIONAL OFFICE COLLECT GREEN
734015,NATIONAL GREEN
734018,LITE
734018,PRIORITY EXPRESS - ROI B TBD
734018,PRIORITY SURFACE
734025,LITE
734025,PRIORITY SURFACE
734025,PRIORITY EXPRESS - ROI B TBD
734025,NATIONAL OFFICE COLLECT GREEN
734025,NATIONAL GREEN
734101,LITE
734101,NATIONAL OFFICE COLLECT BLUE
734101,NATIONAL BLUE
734101,NATIONAL BLUE PEC
734101,PRIORITY SURFACE
734101,PRIORITY EXPRESS - ROI B TBD
734102,LITE
734102,PRIORITY SURFACE
734102,PRIORITY EXPRESS - ROI B TBD
734102,NATIONAL GREEN
734102,NATIONAL OFFICE COLLECT GREEN
734203,LITE
734203,NATIONAL BLUE
734203,NATIONAL OFFICE COLLECT BLUE
734203,NATIONAL BLUE PEC
734203,PRIORITY EXPRESS - ROI B TBD
734203,PRIORITY SURFACE
734204,LITE
734204,PRIORITY SURFACE
734204,PRIORITY EXPRESS - ROI B TBD
734204,NATIONAL GREEN
734204,NATIONAL OFFICE COLLECT GREEN
734214,LITE
734214,PRIORITY SURFACE
734214,PRIORITY EXPRESS - ROI B TBD
734214,NATIONAL GREEN
734214,NATIONAL OFFICE COLLECT GREEN
734220,LITE
734220,PRIORITY SURFACE
734220,PRIORITY EXPRESS - ROI B TBD
734220,NATIONAL GREEN
734220,NATIONAL OFFICE COLLECT GREEN
734224,LITE
734224,PRIORITY SURFACE
734224,PRIORITY EXPRESS - ROI B TBD
734224,NATIONAL GREEN
734224,NATIONAL OFFICE COLLECT GREEN
734301,LITE
734301,NATIONAL BLUE
734301,NATIONAL OFFICE COLLECT BLUE
734301,NATIONAL BLUE PEC
734301,PRIORITY EXPRESS - ROI B TBD
734301,PRIORITY SURFACE
734325,LITE
734325,PRIORITY SURFACE
734325,PRIORITY EXPRESS - ROI B TBD
734401,LITE
734401,NATIONAL BLUE
734401,NATIONAL OFFICE COLLECT BLUE
734401,NATIONAL BLUE PEC
734401,PRIORITY EXPRESS - ROI B TBD
734401,PRIORITY SURFACE
734403,LITE
734403,NATIONAL BLUE
734403,NATIONAL OFFICE COLLECT BLUE
734403,NATIONAL BLUE PEC
734403,PRIORITY EXPRESS - ROI B TBD
734403,PRIORITY SURFACE
734404,LITE
734404,NATIONAL BLUE
734404,NATIONAL OFFICE COLLECT BLUE
734404,NATIONAL BLUE PEC
734404,PRIORITY EXPRESS - ROI B TBD
734404,PRIORITY SURFACE
734405,LITE
734405,NATIONAL BLUE
734405,NATIONAL OFFICE COLLECT BLUE
734405,NATIONAL BLUE PEC
734405,PRIORITY EXPRESS - ROI B TBD
734405,PRIORITY SURFACE
734406,LITE
734406,NATIONAL BLUE
734406,NATIONAL OFFICE COLLECT BLUE
734406,NATIONAL BLUE PEC
734406,PRIORITY EXPRESS - ROI B TBD
734406,PRIORITY SURFACE
734418,LITE
734418,PRIORITY SURFACE
734418,PRIORITY EXPRESS - ROI B TBD
734425,LITE
734425,NATIONAL BLUE
734425,NATIONAL OFFICE COLLECT BLUE
734425,NATIONAL BLUE PEC
734425,PRIORITY EXPRESS - ROI B TBD
734425,PRIORITY SURFACE
734428,LITE
734428,NATIONAL BLUE
734428,NATIONAL OFFICE COLLECT BLUE
734428,NATIONAL BLUE PEC
734428,PRIORITY EXPRESS - ROI B TBD
734428,PRIORITY SURFACE
734430,LITE
734430,NATIONAL BLUE
734430,NATIONAL OFFICE COLLECT BLUE
734430,NATIONAL BLUE PEC
734430,PRIORITY EXPRESS - ROI B TBD
734430,PRIORITY SURFACE
734432,LITE
734432,NATIONAL BLUE
734432,NATIONAL OFFICE COLLECT BLUE
734432,NATIONAL BLUE PEC
734432,PRIORITY EXPRESS - ROI B TBD
734432,PRIORITY SURFACE
734433,LITE
734433,NATIONAL BLUE
734433,NATIONAL OFFICE COLLECT BLUE
734433,NATIONAL BLUE PEC
734433,PRIORITY EXPRESS - ROI B TBD
734433,PRIORITY SURFACE
735101,LITE
735101,NATIONAL BLUE
735101,NATIONAL OFFICE COLLECT BLUE
735101,NATIONAL BLUE PEC
735101,PRIORITY EXPRESS - ROI B TBD
735101,PRIORITY SURFACE
735102,LITE
735102,NATIONAL BLUE
735102,NATIONAL OFFICE COLLECT BLUE
735102,NATIONAL BLUE PEC
735102,PRIORITY EXPRESS - ROI B TBD
735102,PRIORITY SURFACE
735121,LITE
735121,PRIORITY SURFACE
735121,PRIORITY EXPRESS - ROI B TBD
735121,NATIONAL GREEN
735121,NATIONAL OFFICE COLLECT GREEN
735135,LITE
735135,PRIORITY SURFACE
735135,PRIORITY EXPRESS - ROI B TBD
735135,NATIONAL GREEN
735135,NATIONAL OFFICE COLLECT GREEN
735203,LITE
735203,NATIONAL BLUE
735203,NATIONAL OFFICE COLLECT BLUE
735203,NATIONAL BLUE PEC
735203,PRIORITY EXPRESS - ROI B TBD
735203,PRIORITY SURFACE
735204,LITE
735204,NATIONAL BLUE
735204,NATIONAL OFFICE COLLECT BLUE
735204,NATIONAL BLUE PEC
735204,PRIORITY EXPRESS - ROI B TBD
735204,PRIORITY SURFACE
735206,LITE
735206,PRIORITY SURFACE
735206,PRIORITY EXPRESS - ROI B TBD
735206,NATIONAL GREEN
735206,NATIONAL OFFICE COLLECT GREEN
735208,LITE
735208,PRIORITY SURFACE
735208,PRIORITY EXPRESS - ROI B TBD
735208,NATIONAL GREEN
735208,NATIONAL OFFICE COLLECT GREEN
735210,LITE
735210,NATIONAL BLUE
735210,NATIONAL OFFICE COLLECT BLUE
735210,NATIONAL BLUE PEC
735210,PRIORITY EXPRESS - ROI B TBD
735210,PRIORITY SURFACE
735211,LITE
735211,NATIONAL BLUE
735211,NATIONAL OFFICE COLLECT BLUE
735211,NATIONAL BLUE PEC
735211,PRIORITY EXPRESS - ROI B TBD
735211,PRIORITY SURFACE
735214,LITE
735214,NATIONAL BLUE
735214,NATIONAL OFFICE COLLECT BLUE
735214,NATIONAL BLUE PEC
735214,PRIORITY EXPRESS - ROI B TBD
735214,PRIORITY SURFACE
735215,LITE
735215,NATIONAL BLUE
735215,NATIONAL OFFICE COLLECT BLUE
735215,NATIONAL BLUE PEC
735215,PRIORITY EXPRESS - ROI B TBD
735215,PRIORITY SURFACE
735217,LITE
735217,NATIONAL BLUE
735217,NATIONAL OFFICE COLLECT BLUE
735217,NATIONAL BLUE PEC
735217,PRIORITY EXPRESS - ROI B TBD
735217,PRIORITY SURFACE
735221,LITE
735221,NATIONAL BLUE
735221,NATIONAL OFFICE COLLECT BLUE
735221,NATIONAL BLUE PEC
735221,PRIORITY EXPRESS - ROI B TBD
735221,PRIORITY SURFACE
735222,LITE
735222,NATIONAL BLUE
735222,NATIONAL OFFICE COLLECT BLUE
735222,NATIONAL BLUE PEC
735222,PRIORITY EXPRESS - ROI B TBD
735222,PRIORITY SURFACE
735224,LITE
735224,NATIONAL BLUE
735224,NATIONAL OFFICE COLLECT BLUE
735224,NATIONAL BLUE PEC
735224,PRIORITY EXPRESS - ROI B TBD
735224,PRIORITY SURFACE
736101,LITE
736101,NATIONAL BLUE
736101,NATIONAL OFFICE COLLECT BLUE
736101,NATIONAL BLUE PEC
736101,PRIORITY EXPRESS - ROI B TBD
736101,PRIORITY SURFACE
736102,LITE
736102,NATIONAL BLUE
736102,NATIONAL OFFICE COLLECT BLUE
736102,NATIONAL BLUE PEC
736102,PRIORITY EXPRESS - ROI B TBD
736102,PRIORITY SURFACE
736121,LITE
736121,NATIONAL BLUE
736121,NATIONAL OFFICE COLLECT BLUE
736121,NATIONAL BLUE PEC
736121,PRIORITY EXPRESS - ROI B TBD
736121,PRIORITY SURFACE
736122,LITE
736122,NATIONAL BLUE
736122,NATIONAL OFFICE COLLECT BLUE
736122,NATIONAL BLUE PEC
736122,PRIORITY EXPRESS - ROI B TBD
736122,PRIORITY SURFACE
736123,LITE
736123,NATIONAL BLUE
736123,NATIONAL OFFICE COLLECT BLUE
736123,NATIONAL BLUE PEC
736123,PRIORITY EXPRESS - ROI B TBD
736123,PRIORITY SURFACE
736131,LITE
736131,NATIONAL BLUE
736131,NATIONAL OFFICE COLLECT BLUE
736131,NATIONAL BLUE PEC
736131,PRIORITY EXPRESS - ROI B TBD
736131,PRIORITY SURFACE
736133,LITE
736133,NATIONAL BLUE
736133,NATIONAL OFFICE COLLECT BLUE
736133,NATIONAL BLUE PEC
736133,PRIORITY EXPRESS - ROI B TBD
736133,PRIORITY SURFACE
736134,LITE
736134,NATIONAL BLUE
736134,NATIONAL OFFICE COLLECT BLUE
736134,NATIONAL BLUE PEC
736135,LITE
736135,NATIONAL BLUE
736135,NATIONAL OFFICE COLLECT BLUE
736135,NATIONAL BLUE PEC
736135,PRIORITY EXPRESS - ROI B TBD
736135,PRIORITY SURFACE
736146,LITE
736146,NATIONAL BLUE
736146,NATIONAL OFFICE COLLECT BLUE
736146,NATIONAL BLUE PEC
736146,PRIORITY EXPRESS - ROI B TBD
736146,PRIORITY SURFACE
736159,LITE
736159,NATIONAL OFFICE COLLECT BLUE
736159,NATIONAL BLUE
736159,NATIONAL BLUE PEC
736159,PRIORITY SURFACE
736159,PRIORITY EXPRESS - ROI B TBD
736162,LITE
736162,PRIORITY EXPRESS - ROI B TBD
736162,PRIORITY SURFACE
736165,LITE
736165,NATIONAL BLUE
736165,NATIONAL OFFICE COLLECT BLUE
736165,NATIONAL BLUE PEC
736165,PRIORITY EXPRESS - ROI B TBD
736165,PRIORITY SURFACE
736182,LITE
736182,NATIONAL BLUE
736182,NATIONAL OFFICE COLLECT BLUE
736182,NATIONAL BLUE PEC
736182,PRIORITY EXPRESS - ROI B TBD
736182,PRIORITY SURFACE
736202,LITE
736202,NATIONAL BLUE
736202,NATIONAL OFFICE COLLECT BLUE
736202,NATIONAL BLUE PEC
736202,PRIORITY EXPRESS - ROI B TBD
736202,PRIORITY SURFACE
736206,LITE
736206,NATIONAL BLUE
736206,NATIONAL OFFICE COLLECT BLUE
736206,NATIONAL BLUE PEC
736206,PRIORITY EXPRESS - ROI B TBD
736206,PRIORITY SURFACE
736207,LITE
736207,NATIONAL BLUE
736207,NATIONAL OFFICE COLLECT BLUE
736207,NATIONAL BLUE PEC
736207,PRIORITY EXPRESS - ROI B TBD
736207,PRIORITY SURFACE
737101,LITE
737101,NATIONAL BLUE
737101,NATIONAL OFFICE COLLECT BLUE
737101,NATIONAL BLUE PEC
737101,PRIORITY EXPRESS - ROI B TBD
737101,PRIORITY SURFACE
742101,LITE
742101,NATIONAL BLUE
742101,NATIONAL OFFICE COLLECT BLUE
742101,NATIONAL BLUE PEC
742101,PRIORITY EXPRESS - ROI B SBD
742101,PRIORITY EXPRESS CARGO - ROI B SBD
742101,PRIORITY SURFACE
742102,LITE
742102,NATIONAL OFFICE COLLECT BLUE
742102,NATIONAL BLUE
742102,NATIONAL BLUE PEC
742102,PRIORITY EXPRESS CARGO - ROI B SBD
742102,PRIORITY SURFACE
742102,PRIORITY EXPRESS - ROI B SBD
742135,LITE
742135,PRIORITY SURFACE
742135,PRIORITY EXPRESS - ROI B SBD
742135,PRIORITY EXPRESS CARGO - ROI B SBD
742148,LITE
742148,PRIORITY SURFACE
742148,PRIORITY EXPRESS - ROI B SBD
742148,PRIORITY EXPRESS CARGO - ROI B SBD
742149,LITE
742149,PRIORITY EXPRESS - ROI B SBD
742149,PRIORITY EXPRESS CARGO - ROI B SBD
742149,PRIORITY SURFACE
742164,LITE
742164,PRIORITY SURFACE
742164,PRIORITY EXPRESS - ROI B SBD
742164,PRIORITY EXPRESS CARGO - ROI B SBD
742165,LITE
742165,PRIORITY SURFACE
742165,PRIORITY EXPRESS - ROI B SBD
742165,PRIORITY EXPRESS CARGO - ROI B SBD
742166,LITE
742166,PRIORITY SURFACE
742166,PRIORITY EXPRESS - ROI B TBD
742166,NATIONAL GREEN
742166,NATIONAL OFFICE COLLECT GREEN
742187,LITE
742187,NATIONAL BLUE
742187,NATIONAL OFFICE COLLECT BLUE
742187,NATIONAL BLUE PEC
742187,PRIORITY SURFACE
742187,PRIORITY EXPRESS - ROI B SBD
742187,PRIORITY EXPRESS CARGO - ROI B SBD
742188,LITE
742188,PRIORITY EXPRESS - ROI B TBD
742188,PRIORITY SURFACE
742188,NATIONAL GREEN
742188,NATIONAL OFFICE COLLECT GREEN
742202,LITE
742202,NATIONAL OFFICE COLLECT BLUE
742202,NATIONAL BLUE
742202,NATIONAL BLUE PEC
742202,PRIORITY SURFACE
742202,PRIORITY EXPRESS - ROI B TBD
742212,LITE
742212,NATIONAL OFFICE COLLECT BLUE
742212,NATIONAL BLUE
742212,NATIONAL BLUE PEC
742212,PRIORITY SURFACE
742212,PRIORITY EXPRESS - ROI B TBD
742213,LITE
742213,NATIONAL BLUE
742213,NATIONAL OFFICE COLLECT BLUE
742213,NATIONAL BLUE PEC
742213,PRIORITY SURFACE
742213,PRIORITY EXPRESS - ROI B TBD
742225,LITE
742225,PRIORITY SURFACE
742225,PRIORITY EXPRESS - ROI B SBD
742225,NATIONAL GREEN
742225,NATIONAL OFFICE COLLECT GREEN
742227,LITE
742236,LITE
742236,NATIONAL BLUE
742236,NATIONAL OFFICE COLLECT BLUE
742236,NATIONAL BLUE PEC
742236,PRIORITY EXPRESS - ROI B TBD
742236,PRIORITY SURFACE
742306,LITE
743175,LITE
743178,LITE
743179,LITE
743180,LITE
743186,LITE
743276,LITE
743276,NATIONAL OFFICE COLLECT PLUS
743276,NATIONAL PLUS
743276,NATIONAL PLUS PEC
743276,PRIORITY EXPRESS CARGO - ROI B SBD
743276,PRIORITY SURFACE
743276,PRIORITY EXPRESS - ROI B SBD
743298,LITE
743298,NATIONAL OFFICE COLLECT PLUS
743298,NATIONAL PLUS
743298,NATIONAL PLUS PEC
743298,PRIORITY EXPRESS CARGO - ROI B SBD
743298,PRIORITY SURFACE
743298,PRIORITY EXPRESS - ROI B SBD
743368,LITE
743368,METRO PLUS
743368,METRO PLUS PEC
750026,LITE
750026,PRIORITY EXPRESS - ROI B SBD
750026,PRIORITY EXPRESS CARGO - ROI B SBD
750026,PRIORITY SURFACE
750122,LITE
750122,PRIORITY EXPRESS - ROI B SBD
750122,PRIORITY EXPRESS CARGO - ROI B SBD
750122,PRIORITY SURFACE
751000,LITE
751000,PRIORITY EXPRESS - ROI B SBD
751000,PRIORITY EXPRESS CARGO - ROI B SBD
751000,PRIORITY SURFACE
751001,LITE
751001,NATIONAL PLUS
751001,NATIONAL OFFICE COLLECT PLUS
751001,NATIONAL PLUS PEC
751001,NATIONAL BLUE PEC
751001,PRIORITY SURFACE
751001,PRIORITY EXPRESS - ROI B SBD
751001,PRIORITY EXPRESS CARGO - ROI B SBD
751002,LITE
751002,NATIONAL PLUS
751002,NATIONAL OFFICE COLLECT PLUS
751002,NATIONAL PLUS PEC
751002,NATIONAL BLUE PEC
751002,PRIORITY SURFACE
751002,PRIORITY EXPRESS - ROI B SBD
751002,PRIORITY EXPRESS CARGO - ROI B SBD
751003,LITE
751004,LITE
751004,NATIONAL PLUS
751004,NATIONAL OFFICE COLLECT PLUS
751004,NATIONAL PLUS PEC
751004,NATIONAL BLUE PEC
751004,PRIORITY SURFACE
751004,PRIORITY EXPRESS - ROI B SBD
751004,PRIORITY EXPRESS CARGO - ROI B SBD
751005,LITE
751005,NATIONAL PLUS
751005,NATIONAL OFFICE COLLECT PLUS
751005,NATIONAL PLUS PEC
751005,NATIONAL BLUE PEC
751005,PRIORITY SURFACE
751005,PRIORITY EXPRESS - ROI B SBD
751005,PRIORITY EXPRESS CARGO - ROI B SBD
751006,LITE
751006,PRIORITY EXPRESS - ROI B SBD
751006,PRIORITY EXPRESS CARGO - ROI B SBD
751006,PRIORITY SURFACE
751007,LITE
751007,NATIONAL PLUS
751007,NATIONAL OFFICE COLLECT PLUS
751007,NATIONAL PLUS PEC
751007,NATIONAL BLUE PEC
751007,PRIORITY SURFACE
751007,PRIORITY EXPRESS - ROI B SBD
751007,PRIORITY EXPRESS CARGO - ROI B SBD
751009,LITE
751009,NATIONAL PLUS
751009,NATIONAL OFFICE COLLECT PLUS
751009,NATIONAL PLUS PEC
751009,NATIONAL BLUE PEC
751009,PRIORITY SURFACE
751009,PRIORITY EXPRESS - ROI B SBD
751009,PRIORITY EXPRESS CARGO - ROI B SBD
751010,LITE
751010,NATIONAL PLUS
751010,NATIONAL OFFICE COLLECT PLUS
751010,NATIONAL PLUS PEC
751010,NATIONAL BLUE PEC
751010,PRIORITY SURFACE
751010,PRIORITY EXPRESS - ROI B SBD
751010,PRIORITY EXPRESS CARGO - ROI B SBD
751011,LITE
751011,NATIONAL PLUS
751011,NATIONAL OFFICE COLLECT PLUS
751011,NATIONAL PLUS PEC
751011,NATIONAL BLUE PEC
751011,PRIORITY SURFACE
751011,PRIORITY EXPRESS - ROI B SBD
751011,PRIORITY EXPRESS CARGO - ROI B SBD
751012,LITE
751012,NATIONAL PLUS
751012,NATIONAL OFFICE COLLECT PLUS
751012,NATIONAL PLUS PEC
751012,NATIONAL BLUE PEC
751012,PRIORITY SURFACE
751012,PRIORITY EXPRESS - ROI B SBD
751012,PRIORITY EXPRESS CARGO - ROI B SBD
751013,LITE
751013,NATIONAL PLUS
751013,NATIONAL OFFICE COLLECT PLUS
751013,NATIONAL PLUS PEC
751013,NATIONAL BLUE PEC
751013,PRIORITY SURFACE
751013,PRIORITY EXPRESS - ROI B SBD
751013,PRIORITY EXPRESS CARGO - ROI B SBD
751014,LITE
751014,NATIONAL PLUS
751014,NATIONAL OFFICE COLLECT PLUS
751014,NATIONAL PLUS PEC
751014,NATIONAL BLUE PEC
751014,PRIORITY SURFACE
751014,PRIORITY EXPRESS - ROI B SBD
751014,PRIORITY EXPRESS CARGO - ROI B SBD
751015,LITE
751015,NATIONAL OFFICE COLLECT PLUS
751015,NATIONAL PLUS
751015,NATIONAL PLUS PEC
751016,LITE
751016,NATIONAL PLUS
751016,NATIONAL OFFICE COLLECT PLUS
751016,NATIONAL PLUS PEC
751016,NATIONAL BLUE PEC
751016,PRIORITY SURFACE
751016,PRIORITY EXPRESS - ROI B SBD
751016,PRIORITY EXPRESS CARGO - ROI B SBD
751017,LITE
751017,NATIONAL BLUE
751017,NATIONAL OFFICE COLLECT BLUE
751017,NATIONAL BLUE PEC
751017,PRIORITY SURFACE
751017,PRIORITY EXPRESS - ROI B SBD
751017,PRIORITY EXPRESS CARGO - ROI B SBD
751018,LITE
751018,NATIONAL PLUS
751018,NATIONAL OFFICE COLLECT PLUS
751018,NATIONAL PLUS PEC
751018,NATIONAL BLUE PEC
751018,PRIORITY SURFACE
751018,PRIORITY EXPRESS - ROI B SBD
751018,PRIORITY EXPRESS CARGO - ROI B SBD
751019,LITE
751019,NATIONAL PLUS
751019,NATIONAL OFFICE COLLECT PLUS
751019,NATIONAL PLUS PEC
751019,NATIONAL BLUE PEC
751019,PRIORITY SURFACE
751019,PRIORITY EXPRESS - ROI B SBD
751019,PRIORITY EXPRESS CARGO - ROI B SBD
751020,LITE
751020,NATIONAL OFFICE COLLECT PLUS
751020,NATIONAL PLUS
751020,NATIONAL PLUS PEC
751020,NATIONAL BLUE PEC
751020,PRIORITY EXPRESS CARGO - ROI B SBD
751020,PRIORITY SURFACE
751020,PRIORITY EXPRESS - ROI B SBD
751021,LITE
751021,NATIONAL OFFICE COLLECT PLUS
751021,NATIONAL PLUS
751021,NATIONAL PLUS PEC
751021,NATIONAL BLUE PEC
751021,PRIORITY EXPRESS CARGO - ROI B SBD
751021,PRIORITY SURFACE
751021,PRIORITY EXPRESS - ROI B SBD
751022,LITE
751022,NATIONAL OFFICE COLLECT PLUS
751022,NATIONAL PLUS
751022,NATIONAL PLUS PEC
751022,NATIONAL BLUE PEC
751022,PRIORITY EXPRESS CARGO - ROI B SBD
751022,PRIORITY SURFACE
751022,PRIORITY EXPRESS - ROI B SBD
751023,LITE
751023,NATIONAL OFFICE COLLECT PLUS
751023,NATIONAL PLUS
751023,NATIONAL PLUS PEC
751023,NATIONAL BLUE PEC
751023,PRIORITY EXPRESS CARGO - ROI B SBD
751023,PRIORITY SURFACE
751023,PRIORITY EXPRESS - ROI B SBD
751024,LITE
751024,NATIONAL OFFICE COLLECT PLUS
751024,NATIONAL PLUS
751024,NATIONAL PLUS PEC
751024,NATIONAL BLUE PEC
751024,PRIORITY EXPRESS CARGO - ROI B SBD
751024,PRIORITY SURFACE
751024,PRIORITY EXPRESS - ROI B SBD
751025,LITE
751025,NATIONAL OFFICE COLLECT PLUS
751025,NATIONAL PLUS
751025,NATIONAL PLUS PEC
751025,NATIONAL BLUE PEC
751025,PRIORITY EXPRESS CARGO - ROI B SBD
751025,PRIORITY SURFACE
751025,PRIORITY EXPRESS - ROI B SBD
751030,LITE
751030,NATIONAL OFFICE COLLECT PLUS
751030,NATIONAL PLUS
751030,NATIONAL PLUS PEC
751030,NATIONAL BLUE PEC
751030,PRIORITY EXPRESS CARGO - ROI B SBD
751030,PRIORITY SURFACE
751030,PRIORITY EXPRESS - ROI B SBD
751031,LITE
751031,NATIONAL OFFICE COLLECT PLUS
751031,NATIONAL PLUS
751031,NATIONAL PLUS PEC
751031,NATIONAL BLUE PEC
751031,PRIORITY EXPRESS CARGO - ROI B SBD
751031,PRIORITY SURFACE
751031,PRIORITY EXPRESS - ROI B SBD
751054,LITE
751054,NATIONAL OFFICE COLLECT PLUS
751054,NATIONAL PLUS
751054,NATIONAL PLUS PEC
751054,NATIONAL BLUE PEC
751054,PRIORITY EXPRESS CARGO - ROI B SBD
751054,PRIORITY SURFACE
751054,PRIORITY EXPRESS - ROI B SBD
752001,LITE
752001,PRIORITY SURFACE
752002,LITE
752002,PRIORITY SURFACE
752030,LITE
752030,NATIONAL BLUE
752030,NATIONAL OFFICE COLLECT BLUE
752030,NATIONAL BLUE PEC
752030,PRIORITY EXPRESS - ROI B SBD
752030,PRIORITY EXPRESS CARGO - ROI B SBD
752030,PRIORITY SURFACE
752031,LITE
752031,NATIONAL BLUE
752031,NATIONAL OFFICE COLLECT BLUE
752031,NATIONAL BLUE PEC
752031,PRIORITY EXPRESS - ROI B SBD
752031,PRIORITY EXPRESS CARGO - ROI B SBD
752031,PRIORITY SURFACE
752054,LITE
752054,NATIONAL PLUS
752054,NATIONAL OFFICE COLLECT PLUS
752054,NATIONAL PLUS PEC
752055,LITE
752055,NATIONAL PLUS
752055,NATIONAL OFFICE COLLECT PLUS
752055,NATIONAL PLUS PEC
752055,PRIORITY EXPRESS - ROI B SBD
752055,PRIORITY EXPRESS CARGO - ROI B SBD
752055,PRIORITY SURFACE
752056,LITE
752056,NATIONAL PLUS
752056,NATIONAL OFFICE COLLECT PLUS
752056,NATIONAL PLUS PEC
752056,PRIORITY EXPRESS - ROI B SBD
752056,PRIORITY EXPRESS CARGO - ROI B SBD
752056,PRIORITY SURFACE
752057,LITE
752057,NATIONAL PLUS
752057,NATIONAL OFFICE COLLECT PLUS
752057,NATIONAL PLUS PEC
752057,PRIORITY EXPRESS - ROI B SBD
752057,PRIORITY EXPRESS CARGO - ROI B SBD
752057,PRIORITY SURFACE
752101,LITE
752101,NATIONAL OFFICE COLLECT PLUS
752101,NATIONAL PLUS
752101,NATIONAL PLUS PEC
752101,NATIONAL BLUE PEC
752101,PRIORITY EXPRESS CARGO - ROI B SBD
752101,PRIORITY SURFACE
752101,PRIORITY EXPRESS - ROI B SBD
752106,LITE
752106,PRIORITY SURFACE
753001,LITE
753001,NATIONAL BLUE
753001,NATIONAL OFFICE COLLECT BLUE
753001,NATIONAL BLUE PEC
753001,PRIORITY EXPRESS - ROI B SBD
753001,PRIORITY EXPRESS CARGO - ROI B SBD
753001,PRIORITY SURFACE
753002,LITE
753002,NATIONAL BLUE
753002,NATIONAL OFFICE COLLECT BLUE
753002,NATIONAL BLUE PEC
753002,PRIORITY EXPRESS - ROI B SBD
753002,PRIORITY EXPRESS CARGO - ROI B SBD
753002,PRIORITY SURFACE
753003,LITE
753003,NATIONAL BLUE
753003,NATIONAL OFFICE COLLECT BLUE
753003,NATIONAL BLUE PEC
753003,PRIORITY EXPRESS - ROI B SBD
753003,PRIORITY EXPRESS CARGO - ROI B SBD
753003,PRIORITY SURFACE
753004,LITE
753004,NATIONAL BLUE
753004,NATIONAL OFFICE COLLECT BLUE
753004,NATIONAL BLUE PEC
753004,PRIORITY EXPRESS - ROI B SBD
753004,PRIORITY EXPRESS CARGO - ROI B SBD
753004,PRIORITY SURFACE
753005,LITE
753005,NATIONAL BLUE
753005,NATIONAL OFFICE COLLECT BLUE
753005,NATIONAL BLUE PEC
753005,PRIORITY EXPRESS - ROI B SBD
753005,PRIORITY EXPRESS CARGO - ROI B SBD
753005,PRIORITY SURFACE
753007,LITE
753007,NATIONAL BLUE
753007,NATIONAL OFFICE COLLECT BLUE
753007,NATIONAL BLUE PEC
753007,PRIORITY EXPRESS - ROI B SBD
753007,PRIORITY EXPRESS CARGO - ROI B SBD
753007,PRIORITY SURFACE
753008,LITE
753008,NATIONAL BLUE
753008,NATIONAL OFFICE COLLECT BLUE
753008,NATIONAL BLUE PEC
753008,PRIORITY EXPRESS - ROI B SBD
753008,PRIORITY EXPRESS CARGO - ROI B SBD
753008,PRIORITY SURFACE
753009,LITE
753009,NATIONAL BLUE
753009,NATIONAL OFFICE COLLECT BLUE
753009,NATIONAL BLUE PEC
753009,PRIORITY EXPRESS - ROI B SBD
753009,PRIORITY EXPRESS CARGO - ROI B SBD
753009,PRIORITY SURFACE
753010,LITE
753010,NATIONAL BLUE
753010,NATIONAL OFFICE COLLECT BLUE
753010,NATIONAL BLUE PEC
753010,PRIORITY EXPRESS - ROI B SBD
753010,PRIORITY EXPRESS CARGO - ROI B SBD
753010,PRIORITY SURFACE
753011,LITE
753011,NATIONAL BLUE
753011,NATIONAL OFFICE COLLECT BLUE
753011,NATIONAL BLUE PEC
753011,PRIORITY EXPRESS - ROI B SBD
753011,PRIORITY EXPRESS CARGO - ROI B SBD
753011,PRIORITY SURFACE
753012,LITE
753012,NATIONAL BLUE
753012,NATIONAL OFFICE COLLECT BLUE
753012,NATIONAL BLUE PEC
753012,PRIORITY EXPRESS - ROI B SBD
753012,PRIORITY EXPRESS CARGO - ROI B SBD
753012,PRIORITY SURFACE
753013,LITE
753013,NATIONAL BLUE
753013,NATIONAL OFFICE COLLECT BLUE
753013,NATIONAL BLUE PEC
753013,PRIORITY EXPRESS - ROI B SBD
753013,PRIORITY EXPRESS CARGO - ROI B SBD
753013,PRIORITY SURFACE
753014,LITE
753014,NATIONAL OFFICE COLLECT BLUE
753014,NATIONAL BLUE
753014,NATIONAL BLUE PEC
753014,PRIORITY EXPRESS CARGO - ROI B SBD
753014,PRIORITY SURFACE
753014,PRIORITY EXPRESS - ROI B SBD
753021,LITE
753021,PRIORITY SURFACE
753021,PRIORITY EXPRESS - ROI B SBD
753021,PRIORITY EXPRESS CARGO - ROI B SBD
753027,LITE
753027,PRIORITY SURFACE
753027,PRIORITY EXPRESS - ROI B SBD
753027,PRIORITY EXPRESS CARGO - ROI B SBD
753141,LITE
753141,PRIORITY SURFACE
753141,PRIORITY EXPRESS - ROI B SBD
753141,PRIORITY EXPRESS CARGO - ROI B SBD
754009,LITE
754022,LITE
754025,LITE
754025,PRIORITY EXPRESS - ROI B SBD
754025,NATIONAL GREEN
754025,NATIONAL OFFICE COLLECT GREEN
754071,LITE
754071,PRIORITY SURFACE
754071,PRIORITY EXPRESS - ROI B SBD
754071,PRIORITY EXPRESS CARGO - ROI B SBD
754120,LITE
754120,PRIORITY SURFACE
754141,LITE
754141,NATIONAL OFFICE COLLECT BLUE
754141,NATIONAL BLUE
754141,NATIONAL BLUE PEC
754141,PRIORITY SURFACE
754142,LITE
754142,NATIONAL BLUE
754142,NATIONAL OFFICE COLLECT BLUE
754142,NATIONAL BLUE PEC
754142,PRIORITY SURFACE
754143,LITE
754143,NATIONAL OFFICE COLLECT BLUE
754143,NATIONAL BLUE
754143,NATIONAL BLUE PEC
754143,PRIORITY SURFACE
754144,LITE
754144,NATIONAL BLUE
754144,NATIONAL OFFICE COLLECT BLUE
754144,NATIONAL BLUE PEC
754144,PRIORITY SURFACE
754145,LITE
754145,NATIONAL BLUE
754145,NATIONAL OFFICE COLLECT BLUE
754145,NATIONAL BLUE PEC
754145,PRIORITY SURFACE
754211,LITE
754211,NATIONAL BLUE
754211,NATIONAL OFFICE COLLECT BLUE
754211,NATIONAL BLUE PEC
754211,PRIORITY EXPRESS - ROI B SBD
754211,PRIORITY EXPRESS CARGO - ROI B SBD
754211,PRIORITY SURFACE
754212,LITE
754212,NATIONAL BLUE
754212,NATIONAL OFFICE COLLECT BLUE
754212,NATIONAL BLUE PEC
754212,PRIORITY SURFACE
754212,PRIORITY EXPRESS - ROI B SBD
754212,PRIORITY EXPRESS CARGO - ROI B SBD
755001,LITE
755001,PRIORITY EXPRESS - ROI B SBD
755001,PRIORITY EXPRESS CARGO - ROI B SBD
755001,PRIORITY SURFACE
755004,LITE
755004,PRIORITY EXPRESS - ROI B SBD
755004,PRIORITY EXPRESS CARGO - ROI B SBD
755004,PRIORITY SURFACE
755007,LITE
755007,PRIORITY EXPRESS - ROI B SBD
755007,PRIORITY EXPRESS CARGO - ROI B SBD
755007,PRIORITY SURFACE
755009,LITE
755009,PRIORITY SURFACE
755009,PRIORITY EXPRESS - ROI B SBD
755009,PRIORITY EXPRESS CARGO - ROI B SBD
755011,LITE
755019,LITE
755019,NATIONAL OFFICE COLLECT BLUE
755019,NATIONAL BLUE
755019,NATIONAL BLUE PEC
755019,PRIORITY EXPRESS CARGO - ROI B SBD
755019,PRIORITY SURFACE
755019,PRIORITY EXPRESS - ROI B SBD
755020,LITE
755020,NATIONAL OFFICE COLLECT BLUE
755020,NATIONAL BLUE
755020,NATIONAL BLUE PEC
755020,PRIORITY EXPRESS CARGO - ROI B SBD
755020,PRIORITY SURFACE
755020,PRIORITY EXPRESS - ROI B SBD
755026,LITE
755026,NATIONAL OFFICE COLLECT BLUE
755026,NATIONAL BLUE
755026,NATIONAL BLUE PEC
755026,PRIORITY EXPRESS CARGO - ROI B SBD
755026,PRIORITY SURFACE
755026,PRIORITY EXPRESS - ROI B SBD
755043,LITE
755043,PRIORITY SURFACE
755043,PRIORITY EXPRESS - ROI B SBD
755043,PRIORITY EXPRESS CARGO - ROI B SBD
756001,LITE
756001,NATIONAL BLUE
756001,NATIONAL OFFICE COLLECT BLUE
756001,NATIONAL BLUE PEC
756001,PRIORITY EXPRESS - ROI B SBD
756001,PRIORITY EXPRESS CARGO - ROI B SBD
756001,PRIORITY SURFACE
756002,LITE
756002,NATIONAL OFFICE COLLECT BLUE
756002,NATIONAL BLUE
756002,NATIONAL BLUE PEC
756002,PRIORITY EXPRESS CARGO - ROI B SBD
756002,PRIORITY SURFACE
756002,PRIORITY EXPRESS - ROI B SBD
756003,LITE
756003,NATIONAL BLUE
756003,NATIONAL OFFICE COLLECT BLUE
756003,NATIONAL BLUE PEC
756003,PRIORITY EXPRESS - ROI B SBD
756003,PRIORITY EXPRESS CARGO - ROI B SBD
756003,PRIORITY SURFACE
756019,LITE
756019,PRIORITY EXPRESS - ROI B SBD
756019,PRIORITY EXPRESS CARGO - ROI B SBD
756019,PRIORITY SURFACE
756025,LITE
756032,LITE
756032,NATIONAL BLUE
756032,NATIONAL OFFICE COLLECT BLUE
756032,NATIONAL BLUE PEC
756032,PRIORITY EXPRESS - ROI B SBD
756032,PRIORITY EXPRESS CARGO - ROI B SBD
756032,PRIORITY SURFACE
756039,LITE
756039,PRIORITY SURFACE
756039,PRIORITY EXPRESS - ROI B SBD
756039,PRIORITY EXPRESS CARGO - ROI B SBD
756045,LITE
756045,PRIORITY EXPRESS - ROI B SBD
756045,PRIORITY EXPRESS CARGO - ROI B SBD
756045,PRIORITY SURFACE
756056,LITE
756056,PRIORITY SURFACE
756056,PRIORITY EXPRESS - ROI B SBD
756056,PRIORITY EXPRESS CARGO - ROI B SBD
756085,LITE
756085,PRIORITY EXPRESS - ROI B SBD
756085,PRIORITY EXPRESS CARGO - ROI B SBD
756085,PRIORITY SURFACE
756100,LITE
756100,NATIONAL BLUE
756100,NATIONAL OFFICE COLLECT BLUE
756100,NATIONAL BLUE PEC
756100,PRIORITY EXPRESS - ROI B SBD
756100,PRIORITY EXPRESS CARGO - ROI B SBD
756100,PRIORITY SURFACE
756101,LITE
756101,NATIONAL BLUE
756101,NATIONAL OFFICE COLLECT BLUE
756101,NATIONAL BLUE PEC
756101,PRIORITY EXPRESS - ROI B SBD
756101,PRIORITY EXPRESS CARGO - ROI B SBD
756101,PRIORITY SURFACE
756135,LITE
756135,PRIORITY SURFACE
756135,PRIORITY EXPRESS - ROI B SBD
756135,PRIORITY EXPRESS CARGO - ROI B SBD
756171,LITE
756171,PRIORITY SURFACE
756171,PRIORITY EXPRESS - ROI B SBD
756171,PRIORITY EXPRESS CARGO - ROI B SBD
757001,LITE
757001,NATIONAL BLUE
757001,NATIONAL OFFICE COLLECT BLUE
757001,NATIONAL BLUE PEC
757001,PRIORITY SURFACE
757001,PRIORITY EXPRESS - ROI B SBD
757001,PRIORITY EXPRESS CARGO - ROI B SBD
757002,LITE
757002,NATIONAL BLUE
757002,NATIONAL OFFICE COLLECT BLUE
757002,NATIONAL BLUE PEC
757002,PRIORITY SURFACE
757002,PRIORITY EXPRESS - ROI B SBD
757002,PRIORITY EXPRESS CARGO - ROI B SBD
757003,LITE
757003,PRIORITY EXPRESS CARGO - ROI B SBD
757003,PRIORITY SURFACE
757003,PRIORITY EXPRESS - ROI B SBD
757003,NATIONAL GREEN
757003,NATIONAL OFFICE COLLECT GREEN
757028,LITE
757028,PRIORITY EXPRESS - ROI B SBD
757028,PRIORITY EXPRESS CARGO - ROI B SBD
757028,PRIORITY SURFACE
759121,LITE
759121,NATIONAL OFFICE COLLECT BLUE
759121,NATIONAL BLUE
759121,NATIONAL BLUE PEC
759121,PRIORITY EXPRESS CARGO - ROI B SBD
759121,PRIORITY SURFACE
759121,PRIORITY EXPRESS - ROI B SBD
759122,LITE
759122,NATIONAL OFFICE COLLECT BLUE
759122,NATIONAL BLUE
759122,NATIONAL BLUE PEC
759122,PRIORITY EXPRESS CARGO - ROI B SBD
759122,PRIORITY SURFACE
759122,PRIORITY EXPRESS - ROI B SBD
759124,LITE
759124,PRIORITY EXPRESS - ROI B SBD
759124,PRIORITY EXPRESS CARGO - ROI B SBD
759124,PRIORITY SURFACE
759130,LITE
759130,PRIORITY SURFACE
759130,PRIORITY EXPRESS - ROI B SBD
759130,PRIORITY EXPRESS CARGO - ROI B SBD
759143,LITE
759143,NATIONAL OFFICE COLLECT BLUE
759143,NATIONAL BLUE
759143,NATIONAL BLUE PEC
759143,PRIORITY EXPRESS CARGO - ROI B SBD
759143,PRIORITY SURFACE
759143,PRIORITY EXPRESS - ROI B SBD
759145,LITE
759145,NATIONAL BLUE
759145,NATIONAL OFFICE COLLECT BLUE
759145,NATIONAL BLUE PEC
759145,PRIORITY SURFACE
759145,PRIORITY EXPRESS - ROI B SBD
759145,PRIORITY EXPRESS CARGO - ROI B SBD
760001,LITE
760001,NATIONAL BLUE
760001,NATIONAL OFFICE COLLECT BLUE
760001,NATIONAL BLUE PEC
760001,PRIORITY SURFACE
760001,PRIORITY EXPRESS - ROI B SBD
760001,PRIORITY EXPRESS CARGO - ROI B SBD
760002,LITE
760002,NATIONAL OFFICE COLLECT BLUE
760002,NATIONAL BLUE
760002,NATIONAL BLUE PEC
760002,PRIORITY EXPRESS CARGO - ROI B SBD
760002,PRIORITY SURFACE
760002,PRIORITY EXPRESS - ROI B SBD
760003,LITE
760003,NATIONAL OFFICE COLLECT BLUE
760003,NATIONAL BLUE
760003,NATIONAL BLUE PEC
760003,PRIORITY SURFACE
760003,PRIORITY EXPRESS - ROI B SBD
760003,PRIORITY EXPRESS CARGO - ROI B SBD
760004,LITE
760004,NATIONAL BLUE
760004,NATIONAL OFFICE COLLECT BLUE
760004,NATIONAL BLUE PEC
760004,PRIORITY SURFACE
760004,PRIORITY EXPRESS - ROI B SBD
760004,PRIORITY EXPRESS CARGO - ROI B SBD
760005,LITE
760005,NATIONAL OFFICE COLLECT BLUE
760005,NATIONAL BLUE
760005,NATIONAL BLUE PEC
760005,PRIORITY EXPRESS CARGO - ROI B SBD
760005,PRIORITY SURFACE
760005,PRIORITY EXPRESS - ROI B SBD
760006,LITE
760006,NATIONAL OFFICE COLLECT BLUE
760006,NATIONAL BLUE
760006,NATIONAL BLUE PEC
760006,PRIORITY SURFACE
760006,PRIORITY EXPRESS - ROI B SBD
760006,PRIORITY EXPRESS CARGO - ROI B SBD
760007,LITE
760007,NATIONAL BLUE
760007,NATIONAL OFFICE COLLECT BLUE
760007,NATIONAL BLUE PEC
760007,PRIORITY SURFACE
760007,PRIORITY EXPRESS - ROI B SBD
760007,PRIORITY EXPRESS CARGO - ROI B SBD
760008,LITE
760008,NATIONAL BLUE
760008,NATIONAL OFFICE COLLECT BLUE
760008,NATIONAL BLUE PEC
760008,PRIORITY SURFACE
760008,PRIORITY EXPRESS - ROI B SBD
760008,PRIORITY EXPRESS CARGO - ROI B SBD
760009,LITE
760009,NATIONAL BLUE
760009,NATIONAL OFFICE COLLECT BLUE
760009,NATIONAL BLUE PEC
760009,PRIORITY SURFACE
760009,PRIORITY EXPRESS - ROI B SBD
760009,PRIORITY EXPRESS CARGO - ROI B SBD
760010,LITE
760010,NATIONAL BLUE
760010,NATIONAL OFFICE COLLECT BLUE
760010,NATIONAL BLUE PEC
760010,PRIORITY SURFACE
760010,PRIORITY EXPRESS - ROI B SBD
760010,PRIORITY EXPRESS CARGO - ROI B SBD
761104,LITE
761104,PRIORITY EXPRESS CARGO - ROI B SBD
761104,PRIORITY SURFACE
761104,PRIORITY EXPRESS - ROI B SBD
761213,LITE
765001,LITE
765001,NATIONAL OFFICE COLLECT BLUE
765001,NATIONAL BLUE
765001,NATIONAL BLUE PEC
765001,PRIORITY EXPRESS CARGO - ROI B SBD
765001,PRIORITY SURFACE
765001,PRIORITY EXPRESS - ROI B SBD
765002,LITE
765002,NATIONAL BLUE
765002,NATIONAL OFFICE COLLECT BLUE
765002,NATIONAL BLUE PEC
765002,PRIORITY EXPRESS - ROI B SBD
765002,PRIORITY EXPRESS CARGO - ROI B SBD
765002,PRIORITY SURFACE
765017,LITE
765017,NATIONAL OFFICE COLLECT BLUE
765017,NATIONAL BLUE
765017,NATIONAL BLUE PEC
768001,LITE
768001,NATIONAL BLUE
768001,NATIONAL OFFICE COLLECT BLUE
768001,NATIONAL BLUE PEC
768001,PRIORITY SURFACE
768002,LITE
768002,NATIONAL OFFICE COLLECT BLUE
768002,NATIONAL BLUE
768002,NATIONAL BLUE PEC
768002,PRIORITY SURFACE
768003,LITE
768003,NATIONAL OFFICE COLLECT BLUE
768003,NATIONAL BLUE
768003,NATIONAL BLUE PEC
768003,PRIORITY SURFACE
768004,LITE
768004,NATIONAL OFFICE COLLECT BLUE
768004,NATIONAL BLUE
768004,NATIONAL BLUE PEC
768004,PRIORITY SURFACE
768005,LITE
768005,PRIORITY SURFACE
768018,LITE
768018,PRIORITY SURFACE
768019,LITE
768019,PRIORITY SURFACE
768020,LITE
768020,PRIORITY SURFACE
768201,LITE
768201,NATIONAL OFFICE COLLECT BLUE
768201,NATIONAL BLUE
768201,NATIONAL BLUE PEC
768201,PRIORITY EXPRESS CARGO - ROI B SBD
768201,PRIORITY SURFACE
768201,PRIORITY EXPRESS - ROI B SBD
768202,LITE
768202,PRIORITY SURFACE
768202,PRIORITY EXPRESS - ROI B SBD
768202,PRIORITY EXPRESS CARGO - ROI B SBD
768203,LITE
768203,PRIORITY EXPRESS CARGO - ROI B SBD
768203,PRIORITY SURFACE
768203,PRIORITY EXPRESS - ROI B SBD
768204,LITE
768204,PRIORITY SURFACE
768204,PRIORITY EXPRESS - ROI B SBD
768204,PRIORITY EXPRESS CARGO - ROI B SBD
768205,LITE
768205,PRIORITY EXPRESS CARGO - ROI B SBD
768205,PRIORITY SURFACE
768205,PRIORITY EXPRESS - ROI B SBD
768211,LITE
768211,PRIORITY SURFACE
768211,PRIORITY EXPRESS - ROI B SBD
768211,PRIORITY EXPRESS CARGO - ROI B SBD
768212,LITE
768212,PRIORITY EXPRESS - ROI B SBD
768212,PRIORITY EXPRESS CARGO - ROI B SBD
768212,PRIORITY SURFACE
768216,LITE
768216,PRIORITY EXPRESS CARGO - ROI B SBD
768216,PRIORITY SURFACE
768216,PRIORITY EXPRESS - ROI B SBD
768234,LITE
768234,PRIORITY SURFACE
768234,PRIORITY EXPRESS - ROI B SBD
768234,PRIORITY EXPRESS CARGO - ROI B SBD
769001,LITE
769001,NATIONAL OFFICE COLLECT BLUE
769001,NATIONAL BLUE
769001,NATIONAL BLUE PEC
769001,PRIORITY SURFACE
769002,LITE
769002,NATIONAL BLUE
769002,NATIONAL OFFICE COLLECT BLUE
769002,NATIONAL BLUE PEC
769002,PRIORITY SURFACE
769003,LITE
769003,NATIONAL OFFICE COLLECT BLUE
769003,NATIONAL BLUE
769003,NATIONAL BLUE PEC
769003,PRIORITY SURFACE
769004,LITE
769004,NATIONAL OFFICE COLLECT BLUE
769004,NATIONAL BLUE
769004,NATIONAL BLUE PEC
769004,PRIORITY SURFACE
769005,LITE
769005,NATIONAL BLUE
769005,NATIONAL OFFICE COLLECT BLUE
769005,NATIONAL BLUE PEC
769005,PRIORITY SURFACE
769006,LITE
769006,NATIONAL OFFICE COLLECT BLUE
769006,NATIONAL BLUE
769006,NATIONAL BLUE PEC
769006,PRIORITY SURFACE
769007,LITE
769007,NATIONAL OFFICE COLLECT BLUE
769007,NATIONAL BLUE
769007,NATIONAL BLUE PEC
769007,PRIORITY SURFACE
769008,LITE
769008,NATIONAL BLUE
769008,NATIONAL OFFICE COLLECT BLUE
769008,NATIONAL BLUE PEC
769008,PRIORITY SURFACE
769009,LITE
769009,NATIONAL OFFICE COLLECT BLUE
769009,NATIONAL BLUE
769009,NATIONAL BLUE PEC
769009,PRIORITY SURFACE
769010,LITE
769010,NATIONAL BLUE
769010,NATIONAL OFFICE COLLECT BLUE
769010,NATIONAL BLUE PEC
769010,PRIORITY SURFACE
769011,LITE
769011,NATIONAL BLUE
769011,NATIONAL OFFICE COLLECT BLUE
769011,NATIONAL BLUE PEC
769011,PRIORITY SURFACE
769012,LITE
769012,NATIONAL OFFICE COLLECT BLUE
769012,NATIONAL BLUE
769012,NATIONAL BLUE PEC
769012,PRIORITY SURFACE
769013,LITE
769013,NATIONAL BLUE
769013,NATIONAL OFFICE COLLECT BLUE
769013,NATIONAL BLUE PEC
769013,PRIORITY SURFACE
769014,LITE
769014,NATIONAL BLUE
769014,NATIONAL OFFICE COLLECT BLUE
769014,NATIONAL BLUE PEC
769014,PRIORITY SURFACE
769015,LITE
769015,NATIONAL BLUE
769015,NATIONAL OFFICE COLLECT BLUE
769015,NATIONAL BLUE PEC
769015,PRIORITY SURFACE
769016,LITE
769016,NATIONAL OFFICE COLLECT BLUE
769016,NATIONAL BLUE
769016,NATIONAL BLUE PEC
769016,PRIORITY SURFACE
769041,LITE
769041,PRIORITY SURFACE
769042,LITE
769043,LITE
770031,LITE
770031,PRIORITY SURFACE
770032,LITE
781001,LITE
781001,NATIONAL GREEN
781001,NATIONAL OFFICE COLLECT GREEN
781003,LITE
781003,NATIONAL GREEN
781003,NATIONAL OFFICE COLLECT GREEN
781004,LITE
781004,NATIONAL GREEN
781004,NATIONAL OFFICE COLLECT GREEN
781005,LITE
781005,NATIONAL GREEN
781005,NATIONAL OFFICE COLLECT GREEN
781006,LITE
781006,NATIONAL BLUE
781006,NATIONAL OFFICE COLLECT BLUE
781006,NATIONAL BLUE PEC
781007,LITE
781007,NATIONAL GREEN
781007,NATIONAL OFFICE COLLECT GREEN
781008,LITE
781008,NATIONAL OFFICE COLLECT GREEN
781008,NATIONAL GREEN
781009,LITE
781009,NATIONAL OFFICE COLLECT GREEN
781009,NATIONAL GREEN
781010,LITE
781010,NATIONAL GREEN
781010,NATIONAL OFFICE COLLECT GREEN
781011,LITE
781011,NATIONAL GREEN
781011,NATIONAL OFFICE COLLECT GREEN
781012,LITE
781012,NATIONAL OFFICE COLLECT GREEN
781012,NATIONAL GREEN
781013,LITE
781013,NATIONAL GREEN
781013,NATIONAL OFFICE COLLECT GREEN
781014,LITE
781014,NATIONAL GREEN
781014,NATIONAL OFFICE COLLECT GREEN
781015,LITE
781015,NATIONAL GREEN
781015,NATIONAL OFFICE COLLECT GREEN
781016,LITE
781016,NATIONAL OFFICE COLLECT BLUE
781016,NATIONAL BLUE
781016,NATIONAL BLUE PEC
781017,LITE
781017,NATIONAL GREEN
781017,NATIONAL OFFICE COLLECT GREEN
781018,LITE
781018,NATIONAL BLUE
781018,NATIONAL OFFICE COLLECT BLUE
781018,NATIONAL BLUE PEC
781019,LITE
781019,NATIONAL BLUE
781019,NATIONAL OFFICE COLLECT BLUE
781019,NATIONAL BLUE PEC
781020,LITE
781020,NATIONAL GREEN
781020,NATIONAL OFFICE COLLECT GREEN
781021,LITE
781021,NATIONAL GREEN
781021,NATIONAL OFFICE COLLECT GREEN
781022,LITE
781022,NATIONAL OFFICE COLLECT BLUE
781022,NATIONAL BLUE
781022,NATIONAL BLUE PEC
781024,LITE
781024,NATIONAL GREEN
781024,NATIONAL OFFICE COLLECT GREEN
781025,LITE
781025,NATIONAL GREEN
781025,NATIONAL OFFICE COLLECT GREEN
781026,LITE
781026,NATIONAL GREEN
781026,NATIONAL OFFICE COLLECT GREEN
781027,LITE
781027,NATIONAL BLUE
781027,NATIONAL OFFICE COLLECT BLUE
781027,NATIONAL BLUE PEC
781028,LITE
781028,NATIONAL OFFICE COLLECT BLUE
781028,NATIONAL BLUE
781028,NATIONAL BLUE PEC
781029,LITE
781029,NATIONAL BLUE
781029,NATIONAL OFFICE COLLECT BLUE
781029,NATIONAL BLUE PEC
781030,LITE
781030,NATIONAL OFFICE COLLECT GREEN
781030,NATIONAL GREEN
781031,LITE
781031,NATIONAL OFFICE COLLECT GREEN
781031,NATIONAL GREEN
781032,LITE
781032,NATIONAL OFFICE COLLECT GREEN
781032,NATIONAL GREEN
781033,LITE
781033,NATIONAL GREEN
781033,NATIONAL OFFICE COLLECT GREEN
781034,LITE
781034,NATIONAL BLUE
781034,NATIONAL OFFICE COLLECT BLUE
781034,NATIONAL BLUE PEC
781035,LITE
781035,NATIONAL OFFICE COLLECT GREEN
781035,NATIONAL GREEN
781036,LITE
781036,NATIONAL GREEN
781036,NATIONAL OFFICE COLLECT GREEN
781037,LITE
781037,NATIONAL BLUE
781037,NATIONAL OFFICE COLLECT BLUE
781037,NATIONAL BLUE PEC
781038,LITE
781038,NATIONAL BLUE
781038,NATIONAL OFFICE COLLECT BLUE
781038,NATIONAL BLUE PEC
781039,LITE
781039,NATIONAL GREEN
781039,NATIONAL OFFICE COLLECT GREEN
781068,LITE
781068,NATIONAL GREEN
781068,NATIONAL OFFICE COLLECT GREEN
781071,LITE
781071,NATIONAL GREEN
781071,NATIONAL OFFICE COLLECT GREEN
781122,LITE
781122,NATIONAL GREEN
781122,NATIONAL OFFICE COLLECT GREEN
781133,LITE
781133,NATIONAL BLUE
781133,NATIONAL OFFICE COLLECT BLUE
781133,NATIONAL BLUE PEC
783301,LITE
783301,PRIORITY EXPRESS CARGO - ROI B SBD
783301,PRIORITY EXPRESS - ROI B SBD
783301,NATIONAL GREEN
783301,NATIONAL OFFICE COLLECT GREEN
783302,LITE
783302,PRIORITY EXPRESS - ROI B SBD
783302,PRIORITY EXPRESS CARGO - ROI B SBD
783303,LITE
783303,PRIORITY EXPRESS - ROI B SBD
783303,PRIORITY EXPRESS CARGO - ROI B SBD
783323,LITE
783323,PRIORITY EXPRESS - ROI B SBD
783323,PRIORITY EXPRESS CARGO - ROI B SBD
783331,LITE
783331,PRIORITY EXPRESS CARGO - ROI B SBD
783331,PRIORITY EXPRESS - ROI B SBD
783334,LITE
783334,PRIORITY EXPRESS CARGO - ROI B SBD
783334,PRIORITY EXPRESS - ROI B SBD
783335,LITE
783335,PRIORITY EXPRESS - ROI B SBD
783335,PRIORITY EXPRESS CARGO - ROI B SBD
783339,LITE
783339,PRIORITY EXPRESS CARGO - ROI B SBD
783339,PRIORITY EXPRESS - ROI B SBD
784001,LITE
784001,PRIORITY EXPRESS - ROI B SBD
784001,PRIORITY EXPRESS CARGO - ROI B SBD
784001,NATIONAL GREEN
784001,NATIONAL OFFICE COLLECT GREEN
785001,LITE
785001,PRIORITY EXPRESS - ROI B SBD
785001,PRIORITY EXPRESS CARGO - ROI B SBD
785001,NATIONAL GREEN
785001,NATIONAL OFFICE COLLECT GREEN
785002,LITE
785002,PRIORITY EXPRESS - ROI B SBD
785002,PRIORITY EXPRESS CARGO - ROI B SBD
785002,NATIONAL OFFICE COLLECT GREEN
785002,NATIONAL GREEN
785003,LITE
785003,PRIORITY EXPRESS - ROI B SBD
785003,PRIORITY EXPRESS CARGO - ROI B SBD
785003,NATIONAL GREEN
785003,NATIONAL OFFICE COLLECT GREEN
785004,LITE
785004,PRIORITY EXPRESS - ROI B SBD
785004,PRIORITY EXPRESS CARGO - ROI B SBD
785004,NATIONAL OFFICE COLLECT GREEN
785004,NATIONAL GREEN
785005,LITE
785005,PRIORITY EXPRESS - ROI B SBD
785005,PRIORITY EXPRESS CARGO - ROI B SBD
785005,NATIONAL GREEN
785005,NATIONAL OFFICE COLLECT GREEN
785006,LITE
785006,PRIORITY EXPRESS - ROI B SBD
785006,PRIORITY EXPRESS CARGO - ROI B SBD
785006,NATIONAL GREEN
785006,NATIONAL OFFICE COLLECT GREEN
785007,LITE
785007,PRIORITY EXPRESS - ROI B SBD
785007,PRIORITY EXPRESS CARGO - ROI B SBD
785007,NATIONAL GREEN
785007,NATIONAL OFFICE COLLECT GREEN
785008,LITE
785008,PRIORITY EXPRESS - ROI B SBD
785008,PRIORITY EXPRESS CARGO - ROI B SBD
785008,NATIONAL OFFICE COLLECT GREEN
785008,NATIONAL GREEN
785010,LITE
785010,PRIORITY EXPRESS CARGO - ROI B SBD
785010,PRIORITY EXPRESS - ROI B SBD
785010,NATIONAL GREEN
785010,NATIONAL OFFICE COLLECT GREEN
785013,LITE
785013,PRIORITY EXPRESS - ROI B SBD
785013,PRIORITY EXPRESS CARGO - ROI B SBD
785013,NATIONAL OFFICE COLLECT GREEN
785013,NATIONAL GREEN
785014,LITE
785014,PRIORITY EXPRESS CARGO - ROI B SBD
785014,PRIORITY EXPRESS - ROI B SBD
785014,NATIONAL GREEN
785014,NATIONAL OFFICE COLLECT GREEN
785203,LITE
785232,LITE
785630,LITE
785630,PRIORITY EXPRESS - ROI B SBD
785640,LITE
785640,PRIORITY EXPRESS CARGO - ROI B SBD
785640,PRIORITY EXPRESS - ROI B SBD
785640,NATIONAL GREEN
785640,NATIONAL OFFICE COLLECT GREEN
785704,LITE
785704,PRIORITY EXPRESS - ROI B SBD
785704,PRIORITY EXPRESS CARGO - ROI B SBD
785704,NATIONAL GREEN
785704,NATIONAL OFFICE COLLECT GREEN
786125,LITE
786125,PRIORITY EXPRESS CARGO - ROI B SBD
786125,PRIORITY SURFACE
786125,PRIORITY EXPRESS - ROI B SBD
786125,NATIONAL GREEN
786125,NATIONAL OFFICE COLLECT GREEN
786145,LITE
786145,PRIORITY SURFACE
786145,PRIORITY EXPRESS - ROI B SBD
786145,PRIORITY EXPRESS CARGO - ROI B SBD
786145,NATIONAL OFFICE COLLECT GREEN
786145,NATIONAL GREEN
786146,LITE
786146,PRIORITY EXPRESS CARGO - ROI B SBD
786146,PRIORITY SURFACE
786146,PRIORITY EXPRESS - ROI B SBD
786146,NATIONAL GREEN
786146,NATIONAL OFFICE COLLECT GREEN
788001,LITE
788001,PRIORITY EXPRESS - ROI B SBD
788001,PRIORITY EXPRESS CARGO - ROI B SBD
788001,NATIONAL OFFICE COLLECT GREEN
788001,NATIONAL GREEN
788002,LITE
788002,PRIORITY EXPRESS - ROI B SBD
788002,PRIORITY EXPRESS CARGO - ROI B SBD
788002,NATIONAL GREEN
788002,NATIONAL OFFICE COLLECT GREEN
788003,LITE
788003,PRIORITY EXPRESS - ROI B SBD
788003,PRIORITY EXPRESS CARGO - ROI B SBD
788003,NATIONAL OFFICE COLLECT GREEN
788003,NATIONAL GREEN
788004,LITE
788004,PRIORITY EXPRESS - ROI B SBD
788004,PRIORITY EXPRESS CARGO - ROI B SBD
788004,NATIONAL GREEN
788004,NATIONAL OFFICE COLLECT GREEN
788005,LITE
788005,PRIORITY EXPRESS - ROI B SBD
788005,PRIORITY EXPRESS CARGO - ROI B SBD
788005,NATIONAL GREEN
788005,NATIONAL OFFICE COLLECT GREEN
788006,LITE
788006,PRIORITY EXPRESS - ROI B SBD
788006,PRIORITY EXPRESS CARGO - ROI B SBD
788006,NATIONAL GREEN
788006,NATIONAL OFFICE COLLECT GREEN
788007,LITE
788007,PRIORITY EXPRESS - ROI B SBD
788007,PRIORITY EXPRESS CARGO - ROI B SBD
788007,NATIONAL OFFICE COLLECT GREEN
788007,NATIONAL GREEN
788008,LITE
788008,PRIORITY EXPRESS - ROI B SBD
788008,PRIORITY EXPRESS CARGO - ROI B SBD
788008,NATIONAL OFFICE COLLECT GREEN
788008,NATIONAL GREEN
788009,LITE
788009,PRIORITY EXPRESS - ROI B SBD
788009,PRIORITY EXPRESS CARGO - ROI B SBD
788009,NATIONAL OFFICE COLLECT GREEN
788009,NATIONAL GREEN
788010,LITE
788010,PRIORITY EXPRESS - ROI B SBD
788010,PRIORITY EXPRESS CARGO - ROI B SBD
788010,NATIONAL OFFICE COLLECT GREEN
788010,NATIONAL GREEN
788011,LITE
788011,PRIORITY EXPRESS - ROI B SBD
788011,PRIORITY EXPRESS CARGO - ROI B SBD
788011,NATIONAL OFFICE COLLECT GREEN
788011,NATIONAL GREEN
788012,LITE
788012,PRIORITY EXPRESS - ROI B SBD
788012,PRIORITY EXPRESS CARGO - ROI B SBD
788012,NATIONAL GREEN
788012,NATIONAL OFFICE COLLECT GREEN
788014,LITE
788014,PRIORITY EXPRESS - ROI B SBD
788014,PRIORITY EXPRESS CARGO - ROI B SBD
788014,NATIONAL OFFICE COLLECT GREEN
788014,NATIONAL GREEN
788015,LITE
788015,PRIORITY EXPRESS - ROI B SBD
788015,PRIORITY EXPRESS CARGO - ROI B SBD
788015,NATIONAL OFFICE COLLECT GREEN
788015,NATIONAL GREEN
791109,LITE
791110,LITE
791110,NATIONAL OFFICE COLLECT GREEN
791110,NATIONAL GREEN
791123,LITE
791123,NATIONAL GREEN
791123,NATIONAL OFFICE COLLECT GREEN
793001,LITE
793001,PRIORITY SURFACE
793001,NATIONAL GREEN
793001,NATIONAL OFFICE COLLECT GREEN
793002,LITE
793002,PRIORITY SURFACE
793002,NATIONAL GREEN
793002,NATIONAL OFFICE COLLECT GREEN
793003,LITE
793003,PRIORITY SURFACE
793003,NATIONAL OFFICE COLLECT GREEN
793003,NATIONAL GREEN
793004,LITE
793004,PRIORITY SURFACE
793004,NATIONAL OFFICE COLLECT GREEN
793004,NATIONAL GREEN
793006,LITE
793006,PRIORITY SURFACE
793006,NATIONAL GREEN
793006,NATIONAL OFFICE COLLECT GREEN
793014,LITE
793014,PRIORITY SURFACE
793014,NATIONAL OFFICE COLLECT GREEN
793014,NATIONAL GREEN
793022,LITE
793022,PRIORITY SURFACE
799001,LITE
799002,LITE
799003,LITE
799004,LITE
799005,LITE
799006,LITE
799007,LITE
799008,LITE
799009,LITE
799014,LITE
799035,LITE
799045,LITE
799055,LITE
799130,LITE
799181,LITE
799277,LITE
800001,LITE
800001,NATIONAL PLUS
800001,NATIONAL OFFICE COLLECT PLUS
800001,NATIONAL PLUS PEC
800001,NATIONAL BLUE PEC
800001,PRIORITY SURFACE
800001,PRIORITY EXPRESS - ROI B SBD
800001,PRIORITY EXPRESS CARGO - ROI B SBD
800002,LITE
800002,NATIONAL PLUS
800002,NATIONAL OFFICE COLLECT PLUS
800002,NATIONAL PLUS PEC
800002,PRIORITY SURFACE
800002,PRIORITY EXPRESS - ROI B SBD
800002,PRIORITY EXPRESS CARGO - ROI B SBD
800003,LITE
800003,NATIONAL OFFICE COLLECT PLUS
800003,NATIONAL PLUS
800003,NATIONAL PLUS PEC
800003,NATIONAL BLUE PEC
800003,PRIORITY EXPRESS CARGO - ROI B SBD
800003,PRIORITY SURFACE
800003,PRIORITY EXPRESS - ROI B SBD
800004,LITE
800004,NATIONAL PLUS
800004,NATIONAL OFFICE COLLECT PLUS
800004,NATIONAL PLUS PEC
800004,NATIONAL BLUE PEC
800004,PRIORITY SURFACE
800004,PRIORITY EXPRESS - ROI B SBD
800004,PRIORITY EXPRESS CARGO - ROI B SBD
800005,LITE
800005,NATIONAL PLUS
800005,NATIONAL OFFICE COLLECT PLUS
800005,NATIONAL PLUS PEC
800005,NATIONAL BLUE PEC
800005,PRIORITY SURFACE
800005,PRIORITY EXPRESS - ROI B SBD
800005,PRIORITY EXPRESS CARGO - ROI B SBD
800006,LITE
800006,NATIONAL PLUS
800006,NATIONAL OFFICE COLLECT PLUS
800006,NATIONAL PLUS PEC
800006,NATIONAL BLUE PEC
800006,PRIORITY SURFACE
800006,PRIORITY EXPRESS - ROI B SBD
800006,PRIORITY EXPRESS CARGO - ROI B SBD
800007,LITE
800007,NATIONAL PLUS
800007,NATIONAL OFFICE COLLECT PLUS
800007,NATIONAL PLUS PEC
800007,NATIONAL BLUE PEC
800007,PRIORITY SURFACE
800007,PRIORITY EXPRESS - ROI B SBD
800007,PRIORITY EXPRESS CARGO - ROI B SBD
800008,LITE
800008,NATIONAL OFFICE COLLECT PLUS
800008,NATIONAL PLUS
800008,NATIONAL PLUS PEC
800008,NATIONAL BLUE PEC
800008,PRIORITY EXPRESS - ROI B SBD
800008,PRIORITY EXPRESS CARGO - ROI B SBD
800008,PRIORITY SURFACE
800009,LITE
800009,NATIONAL PLUS
800009,NATIONAL OFFICE COLLECT PLUS
800009,NATIONAL PLUS PEC
800009,NATIONAL BLUE PEC
800009,PRIORITY SURFACE
800009,PRIORITY EXPRESS - ROI B SBD
800009,PRIORITY EXPRESS CARGO - ROI B SBD
800010,LITE
800010,NATIONAL OFFICE COLLECT PLUS
800010,NATIONAL PLUS
800010,NATIONAL PLUS PEC
800010,NATIONAL BLUE PEC
800010,PRIORITY EXPRESS CARGO - ROI B SBD
800010,PRIORITY SURFACE
800010,PRIORITY EXPRESS - ROI B SBD
800011,LITE
800011,NATIONAL OFFICE COLLECT PLUS
800011,NATIONAL PLUS
800011,NATIONAL PLUS PEC
800011,NATIONAL BLUE PEC
800011,PRIORITY EXPRESS CARGO - ROI B SBD
800011,PRIORITY SURFACE
800011,PRIORITY EXPRESS - ROI B SBD
800012,LITE
800012,NATIONAL PLUS
800012,NATIONAL OFFICE COLLECT PLUS
800012,NATIONAL PLUS PEC
800012,NATIONAL BLUE PEC
800012,PRIORITY SURFACE
800012,PRIORITY EXPRESS - ROI B SBD
800012,PRIORITY EXPRESS CARGO - ROI B SBD
800013,LITE
800013,NATIONAL OFFICE COLLECT PLUS
800013,NATIONAL PLUS
800013,NATIONAL PLUS PEC
800013,NATIONAL BLUE PEC
800013,PRIORITY EXPRESS CARGO - ROI B SBD
800013,PRIORITY SURFACE
800013,PRIORITY EXPRESS - ROI B SBD
800014,LITE
800014,NATIONAL OFFICE COLLECT PLUS
800014,NATIONAL PLUS
800014,NATIONAL PLUS PEC
800014,NATIONAL BLUE PEC
800014,PRIORITY EXPRESS CARGO - ROI B SBD
800014,PRIORITY SURFACE
800014,PRIORITY EXPRESS - ROI B SBD
800015,LITE
800015,NATIONAL OFFICE COLLECT PLUS
800015,NATIONAL PLUS
800015,NATIONAL PLUS PEC
800015,NATIONAL BLUE PEC
800015,PRIORITY EXPRESS CARGO - ROI B SBD
800015,PRIORITY SURFACE
800015,PRIORITY EXPRESS - ROI B SBD
800016,LITE
800016,NATIONAL OFFICE COLLECT PLUS
800016,NATIONAL PLUS
800016,NATIONAL PLUS PEC
800016,NATIONAL BLUE PEC
800016,PRIORITY EXPRESS CARGO - ROI B SBD
800016,PRIORITY SURFACE
800016,PRIORITY EXPRESS - ROI B SBD
800017,LITE
800017,NATIONAL OFFICE COLLECT PLUS
800017,NATIONAL PLUS
800017,NATIONAL PLUS PEC
800017,NATIONAL BLUE PEC
800017,PRIORITY EXPRESS - ROI B SBD
800017,PRIORITY EXPRESS CARGO - ROI B SBD
800017,PRIORITY SURFACE
800018,LITE
800018,NATIONAL OFFICE COLLECT PLUS
800018,NATIONAL PLUS
800018,NATIONAL PLUS PEC
800018,NATIONAL BLUE PEC
800018,PRIORITY EXPRESS - ROI B SBD
800018,PRIORITY EXPRESS CARGO - ROI B SBD
800018,PRIORITY SURFACE
800020,LITE
800020,NATIONAL OFFICE COLLECT PLUS
800020,NATIONAL PLUS
800020,NATIONAL PLUS PEC
800020,NATIONAL BLUE PEC
800020,PRIORITY EXPRESS CARGO - ROI B SBD
800020,PRIORITY SURFACE
800020,PRIORITY EXPRESS - ROI B SBD
800021,LITE
800021,NATIONAL OFFICE COLLECT PLUS
800021,NATIONAL PLUS
800021,NATIONAL PLUS PEC
800022,LITE
800022,NATIONAL OFFICE COLLECT PLUS
800022,NATIONAL PLUS
800022,NATIONAL PLUS PEC
800022,NATIONAL BLUE PEC
800022,PRIORITY EXPRESS - ROI B SBD
800022,PRIORITY EXPRESS CARGO - ROI B SBD
800022,PRIORITY SURFACE
800023,LITE
800023,NATIONAL OFFICE COLLECT PLUS
800023,NATIONAL PLUS
800023,NATIONAL PLUS PEC
800023,NATIONAL BLUE PEC
800023,PRIORITY EXPRESS CARGO - ROI B SBD
800023,PRIORITY SURFACE
800023,PRIORITY EXPRESS - ROI B SBD
800024,LITE
800024,NATIONAL OFFICE COLLECT PLUS
800024,NATIONAL PLUS
800024,NATIONAL PLUS PEC
800024,NATIONAL BLUE PEC
800024,PRIORITY EXPRESS - ROI B SBD
800024,PRIORITY EXPRESS CARGO - ROI B SBD
800024,PRIORITY SURFACE
800025,LITE
800025,NATIONAL OFFICE COLLECT PLUS
800025,NATIONAL PLUS
800025,NATIONAL PLUS PEC
800025,NATIONAL BLUE PEC
800025,PRIORITY EXPRESS - ROI B SBD
800025,PRIORITY EXPRESS CARGO - ROI B SBD
800025,PRIORITY SURFACE
800026,LITE
800026,NATIONAL OFFICE COLLECT PLUS
800026,NATIONAL PLUS
800026,NATIONAL PLUS PEC
800026,NATIONAL BLUE PEC
800026,PRIORITY EXPRESS - ROI B SBD
800026,PRIORITY EXPRESS CARGO - ROI B SBD
800026,PRIORITY SURFACE
801103,LITE
801103,NATIONAL PLUS
801103,NATIONAL OFFICE COLLECT PLUS
801103,NATIONAL PLUS PEC
801105,LITE
801108,LITE
801108,NATIONAL PLUS
801108,NATIONAL OFFICE COLLECT PLUS
801108,NATIONAL PLUS PEC
801503,LITE
801503,PRIORITY SURFACE
801503,PRIORITY EXPRESS - ROI B SBD
801503,PRIORITY EXPRESS CARGO - ROI B SBD
801505,LITE
801505,NATIONAL PLUS
801505,NATIONAL OFFICE COLLECT PLUS
801505,NATIONAL PLUS PEC
802101,LITE
802101,NATIONAL PLUS
802101,NATIONAL OFFICE COLLECT PLUS
802101,NATIONAL PLUS PEC
802119,LITE
802119,NATIONAL PLUS
802119,NATIONAL OFFICE COLLECT PLUS
802119,NATIONAL PLUS PEC
802301,LITE
802301,NATIONAL PLUS
802301,NATIONAL OFFICE COLLECT PLUS
802301,NATIONAL PLUS PEC
803101,LITE
803101,NATIONAL PLUS
803101,NATIONAL OFFICE COLLECT PLUS
803101,NATIONAL PLUS PEC
803116,LITE
803116,NATIONAL PLUS
803116,NATIONAL OFFICE COLLECT PLUS
803116,NATIONAL PLUS PEC
803118,LITE
803118,NATIONAL BLUE
803118,NATIONAL OFFICE COLLECT BLUE
803118,NATIONAL BLUE PEC
803213,LITE
803213,NATIONAL PLUS
803213,NATIONAL OFFICE COLLECT PLUS
803213,NATIONAL PLUS PEC
803214,LITE
803214,NATIONAL PLUS
803214,NATIONAL OFFICE COLLECT PLUS
803214,NATIONAL PLUS PEC
804408,LITE
804408,NATIONAL PLUS
804408,NATIONAL OFFICE COLLECT PLUS
804408,NATIONAL PLUS PEC
804452,LITE
804452,NATIONAL PLUS
804452,NATIONAL OFFICE COLLECT PLUS
804452,NATIONAL PLUS PEC
805103,LITE
805103,NATIONAL PLUS
805103,NATIONAL OFFICE COLLECT PLUS
805103,NATIONAL PLUS PEC
805110,LITE
805110,NATIONAL PLUS
805110,NATIONAL OFFICE COLLECT PLUS
805110,NATIONAL PLUS PEC
811201,LITE
811201,NATIONAL BLUE
811201,NATIONAL OFFICE COLLECT BLUE
811201,NATIONAL BLUE PEC
811202,LITE
811202,NATIONAL BLUE
811202,NATIONAL OFFICE COLLECT BLUE
811202,NATIONAL BLUE PEC
811214,LITE
811214,NATIONAL OFFICE COLLECT BLUE
811214,NATIONAL BLUE
811214,NATIONAL BLUE PEC
811307,LITE
811307,NATIONAL PLUS
811307,NATIONAL OFFICE COLLECT PLUS
811307,NATIONAL PLUS PEC
811311,LITE
811311,NATIONAL PLUS
811311,NATIONAL OFFICE COLLECT PLUS
811311,NATIONAL PLUS PEC
812001,LITE
812001,NATIONAL BLUE
812001,NATIONAL OFFICE COLLECT BLUE
812001,NATIONAL BLUE PEC
812002,LITE
812002,NATIONAL BLUE
812002,NATIONAL OFFICE COLLECT BLUE
812002,NATIONAL BLUE PEC
812003,LITE
812003,NATIONAL BLUE
812003,NATIONAL OFFICE COLLECT BLUE
812003,NATIONAL BLUE PEC
812004,LITE
812004,NATIONAL BLUE
812004,NATIONAL OFFICE COLLECT BLUE
812004,NATIONAL BLUE PEC
812005,LITE
812005,NATIONAL BLUE
812005,NATIONAL OFFICE COLLECT BLUE
812005,NATIONAL BLUE PEC
813213,LITE
813213,NATIONAL BLUE
813213,NATIONAL OFFICE COLLECT BLUE
813213,NATIONAL BLUE PEC
814112,LITE
814112,NATIONAL PLUS
814112,NATIONAL OFFICE COLLECT PLUS
814112,NATIONAL PLUS PEC
814113,LITE
814113,NATIONAL PLUS
814113,NATIONAL OFFICE COLLECT PLUS
814113,NATIONAL PLUS PEC
814114,LITE
814114,NATIONAL PLUS
814114,NATIONAL OFFICE COLLECT PLUS
814114,NATIONAL PLUS PEC
814115,LITE
814115,NATIONAL PLUS
814115,NATIONAL OFFICE COLLECT PLUS
814115,NATIONAL PLUS PEC
814142,LITE
814142,NATIONAL PLUS
814142,NATIONAL OFFICE COLLECT PLUS
814142,NATIONAL PLUS PEC
815301,LITE
815301,NATIONAL PLUS
815301,NATIONAL OFFICE COLLECT PLUS
815301,NATIONAL PLUS PEC
815316,LITE
815316,NATIONAL PLUS
815316,NATIONAL OFFICE COLLECT PLUS
815316,NATIONAL PLUS PEC
815353,LITE
815353,NATIONAL OFFICE COLLECT PLUS
815353,NATIONAL PLUS
815353,NATIONAL PLUS PEC
821101,LITE
821101,NATIONAL OFFICE COLLECT BLUE
821101,NATIONAL BLUE
821101,NATIONAL BLUE PEC
821109,LITE
821109,NATIONAL OFFICE COLLECT BLUE
821109,NATIONAL BLUE
821109,NATIONAL BLUE PEC
821110,LITE
821110,NATIONAL BLUE
821110,NATIONAL OFFICE COLLECT BLUE
821110,NATIONAL BLUE PEC
821113,LITE
821113,NATIONAL PLUS
821113,NATIONAL OFFICE COLLECT PLUS
821113,NATIONAL PLUS PEC
821115,LITE
821115,NATIONAL OFFICE COLLECT PLUS
821115,NATIONAL PLUS
821115,NATIONAL PLUS PEC
821305,LITE
821305,NATIONAL OFFICE COLLECT PLUS
821305,NATIONAL PLUS
821305,NATIONAL PLUS PEC
821307,LITE
821307,NATIONAL PLUS
821307,NATIONAL OFFICE COLLECT PLUS
821307,NATIONAL PLUS PEC
822101,LITE
822101,NATIONAL BLUE
822101,NATIONAL OFFICE COLLECT BLUE
822101,NATIONAL BLUE PEC
823001,LITE
823001,NATIONAL BLUE
823001,NATIONAL OFFICE COLLECT BLUE
823001,NATIONAL BLUE PEC
824101,LITE
824101,NATIONAL BLUE
824101,NATIONAL OFFICE COLLECT BLUE
824101,NATIONAL BLUE PEC
824231,LITE
824231,NATIONAL OFFICE COLLECT BLUE
824231,NATIONAL BLUE
824231,NATIONAL BLUE PEC
826001,LITE
826001,NATIONAL OFFICE COLLECT BLUE
826001,NATIONAL BLUE
826001,NATIONAL BLUE PEC
826002,LITE
826002,NATIONAL BLUE
826002,NATIONAL OFFICE COLLECT BLUE
826002,NATIONAL BLUE PEC
826003,LITE
826003,NATIONAL BLUE
826003,NATIONAL OFFICE COLLECT BLUE
826003,NATIONAL BLUE PEC
826004,LITE
826004,NATIONAL OFFICE COLLECT BLUE
826004,NATIONAL BLUE
826004,NATIONAL BLUE PEC
826005,LITE
826005,NATIONAL BLUE
826005,NATIONAL OFFICE COLLECT BLUE
826005,NATIONAL BLUE PEC
826006,LITE
826006,NATIONAL BLUE
826006,NATIONAL OFFICE COLLECT BLUE
826006,NATIONAL BLUE PEC
827001,LITE
827001,NATIONAL OFFICE COLLECT BLUE
827001,NATIONAL BLUE
827001,NATIONAL BLUE PEC
827003,LITE
827003,NATIONAL BLUE
827003,NATIONAL OFFICE COLLECT BLUE
827003,NATIONAL BLUE PEC
827004,LITE
827004,NATIONAL BLUE
827004,NATIONAL OFFICE COLLECT BLUE
827004,NATIONAL BLUE PEC
827006,LITE
827006,NATIONAL BLUE
827006,NATIONAL OFFICE COLLECT BLUE
827006,NATIONAL BLUE PEC
827009,LITE
827009,NATIONAL BLUE
827009,NATIONAL OFFICE COLLECT BLUE
827009,NATIONAL BLUE PEC
827011,LITE
827011,NATIONAL BLUE
827011,NATIONAL OFFICE COLLECT BLUE
827011,NATIONAL BLUE PEC
827012,LITE
827012,NATIONAL OFFICE COLLECT BLUE
827012,NATIONAL BLUE
827012,NATIONAL BLUE PEC
828104,LITE
828105,LITE
828106,LITE
828109,LITE
828110,LITE
828110,NATIONAL BLUE
828110,NATIONAL OFFICE COLLECT BLUE
828110,NATIONAL BLUE PEC
828111,LITE
828111,NATIONAL BLUE
828111,NATIONAL OFFICE COLLECT BLUE
828111,NATIONAL BLUE PEC
828119,LITE
828122,LITE
828123,LITE
828124,LITE
828127,LITE
828127,NATIONAL BLUE
828127,NATIONAL OFFICE COLLECT BLUE
828127,NATIONAL BLUE PEC
828135,LITE
828207,LITE
828207,NATIONAL GREEN
828207,NATIONAL OFFICE COLLECT GREEN
828301,LITE
828301,NATIONAL BLUE
828301,NATIONAL OFFICE COLLECT BLUE
828301,NATIONAL BLUE PEC
828828,LITE
829112,LITE
829112,NATIONAL OFFICE COLLECT BLUE
829112,NATIONAL BLUE
829112,NATIONAL BLUE PEC
829116,LITE
831001,LITE
831001,NATIONAL BLUE
831001,NATIONAL OFFICE COLLECT BLUE
831001,NATIONAL BLUE PEC
831001,PRIORITY SURFACE
831001,PRIORITY EXPRESS - ROI B SBD
831001,PRIORITY EXPRESS CARGO - ROI B SBD
831002,LITE
831002,NATIONAL OFFICE COLLECT BLUE
831002,NATIONAL BLUE
831002,NATIONAL BLUE PEC
831002,PRIORITY EXPRESS CARGO - ROI B SBD
831002,PRIORITY SURFACE
831002,PRIORITY EXPRESS - ROI B SBD
831003,LITE
831003,NATIONAL BLUE
831003,NATIONAL OFFICE COLLECT BLUE
831003,NATIONAL BLUE PEC
831003,PRIORITY SURFACE
831003,PRIORITY EXPRESS - ROI B SBD
831003,PRIORITY EXPRESS CARGO - ROI B SBD
831004,LITE
831004,PRIORITY SURFACE
831004,PRIORITY EXPRESS - ROI B SBD
831004,PRIORITY EXPRESS CARGO - ROI B SBD
831005,LITE
831005,NATIONAL BLUE
831005,NATIONAL OFFICE COLLECT BLUE
831005,NATIONAL BLUE PEC
831005,PRIORITY SURFACE
831005,PRIORITY EXPRESS - ROI B SBD
831005,PRIORITY EXPRESS CARGO - ROI B SBD
831006,LITE
831006,NATIONAL OFFICE COLLECT BLUE
831006,NATIONAL BLUE
831006,NATIONAL BLUE PEC
831006,PRIORITY EXPRESS CARGO - ROI B SBD
831006,PRIORITY SURFACE
831006,PRIORITY EXPRESS - ROI B SBD
831007,LITE
831007,PRIORITY SURFACE
831007,PRIORITY EXPRESS - ROI B SBD
831007,PRIORITY EXPRESS CARGO - ROI B SBD
831008,LITE
831008,PRIORITY SURFACE
831008,PRIORITY EXPRESS - ROI B SBD
831008,PRIORITY EXPRESS CARGO - ROI B SBD
831009,LITE
831009,PRIORITY EXPRESS - ROI B SBD
831009,PRIORITY EXPRESS CARGO - ROI B SBD
831009,PRIORITY SURFACE
831010,LITE
831010,PRIORITY EXPRESS - ROI B SBD
831010,PRIORITY EXPRESS CARGO - ROI B SBD
831010,PRIORITY SURFACE
831011,LITE
831011,PRIORITY EXPRESS CARGO - ROI B SBD
831011,PRIORITY SURFACE
831011,PRIORITY EXPRESS - ROI B SBD
831012,LITE
831012,NATIONAL OFFICE COLLECT BLUE
831012,NATIONAL BLUE
831012,NATIONAL BLUE PEC
831012,PRIORITY EXPRESS - ROI B SBD
831012,PRIORITY EXPRESS CARGO - ROI B SBD
831012,PRIORITY SURFACE
831013,LITE
831013,NATIONAL OFFICE COLLECT BLUE
831013,NATIONAL BLUE
831013,NATIONAL BLUE PEC
831013,PRIORITY SURFACE
831013,PRIORITY EXPRESS - ROI B SBD
831013,PRIORITY EXPRESS CARGO - ROI B SBD
831014,LITE
831014,PRIORITY SURFACE
831014,PRIORITY EXPRESS - ROI B SBD
831014,PRIORITY EXPRESS CARGO - ROI B SBD
831017,LITE
831017,NATIONAL BLUE
831017,NATIONAL OFFICE COLLECT BLUE
831017,NATIONAL BLUE PEC
831017,PRIORITY SURFACE
831017,PRIORITY EXPRESS - ROI B SBD
831017,PRIORITY EXPRESS CARGO - ROI B SBD
831018,LITE
831018,PRIORITY SURFACE
831018,PRIORITY EXPRESS - ROI B SBD
831018,PRIORITY EXPRESS CARGO - ROI B SBD
831107,LITE
831109,LITE
831109,PRIORITY SURFACE
831109,PRIORITY EXPRESS - ROI B SBD
831109,PRIORITY EXPRESS CARGO - ROI B SBD
831110,LITE
831110,PRIORITY EXPRESS CARGO - ROI B SBD
831110,PRIORITY SURFACE
831110,PRIORITY EXPRESS - ROI B SBD
832102,LITE
832102,PRIORITY EXPRESS CARGO - ROI B SBD
832102,PRIORITY SURFACE
832102,PRIORITY EXPRESS - ROI B SBD
832103,LITE
832103,PRIORITY EXPRESS CARGO - ROI B SBD
832103,PRIORITY SURFACE
832103,PRIORITY EXPRESS - ROI B SBD
832104,LITE
832104,NATIONAL BLUE
832104,NATIONAL OFFICE COLLECT BLUE
832104,NATIONAL BLUE PEC
832106,LITE
832106,NATIONAL OFFICE COLLECT BLUE
832106,NATIONAL BLUE
832106,NATIONAL BLUE PEC
832106,PRIORITY EXPRESS - ROI B SBD
832106,PRIORITY EXPRESS CARGO - ROI B SBD
832106,PRIORITY SURFACE
832107,LITE
832107,PRIORITY EXPRESS CARGO - ROI B SBD
832107,PRIORITY SURFACE
832107,PRIORITY EXPRESS - ROI B SBD
832108,LITE
832108,NATIONAL OFFICE COLLECT BLUE
832108,NATIONAL BLUE
832108,NATIONAL BLUE PEC
832109,LITE
832109,PRIORITY EXPRESS - ROI B SBD
832109,PRIORITY EXPRESS CARGO - ROI B SBD
832109,PRIORITY SURFACE
832110,LITE
832110,PRIORITY SURFACE
832110,PRIORITY EXPRESS - ROI B SBD
832110,PRIORITY EXPRESS CARGO - ROI B SBD
832301,LITE
832301,PRIORITY SURFACE
832301,PRIORITY EXPRESS - ROI B SBD
832301,PRIORITY EXPRESS CARGO - ROI B SBD
832401,LITE
832401,PRIORITY SURFACE
832401,PRIORITY EXPRESS - ROI B SBD
832401,PRIORITY EXPRESS CARGO - ROI B SBD
832402,LITE
832402,PRIORITY EXPRESS CARGO - ROI B SBD
832402,PRIORITY SURFACE
832402,PRIORITY EXPRESS - ROI B SBD
833215,LITE
833215,PRIORITY SURFACE
833215,PRIORITY EXPRESS - ROI B SBD
833215,PRIORITY EXPRESS CARGO - ROI B SBD
833216,LITE
833216,PRIORITY EXPRESS - ROI B SBD
833216,PRIORITY EXPRESS CARGO - ROI B SBD
833216,PRIORITY SURFACE
833217,LITE
833217,PRIORITY EXPRESS CARGO - ROI B SBD
833217,PRIORITY SURFACE
833217,PRIORITY EXPRESS - ROI B SBD
833218,LITE
833218,PRIORITY SURFACE
833218,PRIORITY EXPRESS - ROI B SBD
833218,PRIORITY EXPRESS CARGO - ROI B SBD
833219,LITE
833219,PRIORITY SURFACE
833219,PRIORITY EXPRESS - ROI B SBD
833219,PRIORITY EXPRESS CARGO - ROI B SBD
834001,LITE
834001,NATIONAL BLUE
834001,NATIONAL OFFICE COLLECT BLUE
834001,NATIONAL BLUE PEC
834001,PRIORITY EXPRESS CARGO - ROI B SBD
834001,PRIORITY EXPRESS - ROI B SBD
834002,LITE
834002,NATIONAL OFFICE COLLECT BLUE
834002,NATIONAL BLUE
834002,NATIONAL BLUE PEC
834002,PRIORITY EXPRESS - ROI B SBD
834002,PRIORITY EXPRESS CARGO - ROI B SBD
834003,LITE
834003,NATIONAL BLUE
834003,NATIONAL OFFICE COLLECT BLUE
834003,NATIONAL BLUE PEC
834004,LITE
834004,NATIONAL BLUE
834004,NATIONAL OFFICE COLLECT BLUE
834004,NATIONAL BLUE PEC
834004,PRIORITY EXPRESS - ROI B SBD
834004,PRIORITY EXPRESS CARGO - ROI B SBD
834005,LITE
834005,NATIONAL OFFICE COLLECT BLUE
834005,NATIONAL BLUE
834005,NATIONAL BLUE PEC
834005,PRIORITY EXPRESS - ROI B SBD
834005,PRIORITY EXPRESS CARGO - ROI B SBD
834008,LITE
834008,NATIONAL OFFICE COLLECT BLUE
834008,NATIONAL BLUE
834008,NATIONAL BLUE PEC
834008,PRIORITY EXPRESS - ROI B SBD
834008,PRIORITY EXPRESS CARGO - ROI B SBD
834009,LITE
834009,NATIONAL BLUE
834009,NATIONAL OFFICE COLLECT BLUE
834009,NATIONAL BLUE PEC
834009,PRIORITY EXPRESS CARGO - ROI B SBD
834009,PRIORITY EXPRESS - ROI B SBD
834010,LITE
834010,NATIONAL OFFICE COLLECT BLUE
834010,NATIONAL BLUE
834010,NATIONAL BLUE PEC
834010,PRIORITY EXPRESS - ROI B SBD
834010,PRIORITY EXPRESS CARGO - ROI B SBD
841226,LITE
841226,NATIONAL PLUS
841226,NATIONAL OFFICE COLLECT PLUS
841226,NATIONAL PLUS PEC
841239,LITE
841239,NATIONAL PLUS
841239,NATIONAL OFFICE COLLECT PLUS
841239,NATIONAL PLUS PEC
841301,LITE
841301,NATIONAL PLUS
841301,NATIONAL OFFICE COLLECT PLUS
841301,NATIONAL PLUS PEC
841428,LITE
841428,NATIONAL PLUS
841428,NATIONAL OFFICE COLLECT PLUS
841428,NATIONAL PLUS PEC
842001,LITE
842001,NATIONAL OFFICE COLLECT BLUE
842001,NATIONAL BLUE
842001,NATIONAL BLUE PEC
842002,LITE
842002,NATIONAL OFFICE COLLECT BLUE
842002,NATIONAL BLUE
842002,NATIONAL BLUE PEC
842003,LITE
842003,NATIONAL BLUE
842003,NATIONAL OFFICE COLLECT BLUE
842003,NATIONAL BLUE PEC
842004,LITE
842004,NATIONAL BLUE
842004,NATIONAL OFFICE COLLECT BLUE
842004,NATIONAL BLUE PEC
843119,LITE
843119,NATIONAL BLUE
843119,NATIONAL OFFICE COLLECT BLUE
843119,NATIONAL BLUE PEC
843302,LITE
843302,NATIONAL PLUS
843302,NATIONAL OFFICE COLLECT PLUS
843302,NATIONAL PLUS PEC
844101,LITE
844101,NATIONAL OFFICE COLLECT PLUS
844101,NATIONAL PLUS
844101,NATIONAL PLUS PEC
846002,LITE
846002,NATIONAL BLUE
846002,NATIONAL OFFICE COLLECT BLUE
846002,NATIONAL BLUE PEC
851101,LITE
851101,NATIONAL PLUS
851101,NATIONAL OFFICE COLLECT PLUS
851101,NATIONAL PLUS PEC
851112,LITE
851112,NATIONAL PLUS
851112,NATIONAL OFFICE COLLECT PLUS
851112,NATIONAL PLUS PEC
851114,LITE
851114,NATIONAL PLUS
851114,NATIONAL OFFICE COLLECT PLUS
851114,NATIONAL PLUS PEC
851115,LITE
851115,NATIONAL PLUS
851115,NATIONAL OFFICE COLLECT PLUS
851115,NATIONAL PLUS PEC
851116,LITE
851116,NATIONAL PLUS
851116,NATIONAL OFFICE COLLECT PLUS
851116,NATIONAL PLUS PEC
851117,LITE
851117,NATIONAL OFFICE COLLECT PLUS
851117,NATIONAL PLUS
851117,NATIONAL PLUS PEC
851126,LITE
851126,NATIONAL PLUS
851126,NATIONAL OFFICE COLLECT PLUS
851126,NATIONAL PLUS PEC
851129,LITE
851129,NATIONAL OFFICE COLLECT PLUS
851129,NATIONAL PLUS
851129,NATIONAL PLUS PEC
851134,LITE
851134,NATIONAL PLUS
851134,NATIONAL OFFICE COLLECT PLUS
851134,NATIONAL PLUS PEC
851135,LITE
851135,NATIONAL OFFICE COLLECT PLUS
851135,NATIONAL PLUS
851135,NATIONAL PLUS PEC
851204,LITE
851204,NATIONAL PLUS
851204,NATIONAL OFFICE COLLECT PLUS
851204,NATIONAL PLUS PEC
851210,LITE
851210,NATIONAL PLUS
851210,NATIONAL OFFICE COLLECT PLUS
851210,NATIONAL PLUS PEC
851211,LITE
851211,NATIONAL PLUS
851211,NATIONAL OFFICE COLLECT PLUS
851211,NATIONAL PLUS PEC
852111,LITE
852111,NATIONAL BLUE
852111,NATIONAL OFFICE COLLECT BLUE
852111,NATIONAL BLUE PEC
852113,LITE
852113,NATIONAL BLUE
852113,NATIONAL OFFICE COLLECT BLUE
852113,NATIONAL BLUE PEC
852131,LITE
852131,NATIONAL BLUE
852131,NATIONAL OFFICE COLLECT BLUE
852131,NATIONAL BLUE PEC
852131,PRIORITY SURFACE
852131,PRIORITY EXPRESS - ROI B SBD
852131,PRIORITY EXPRESS CARGO - ROI B SBD
852201,LITE
852201,NATIONAL BLUE
852201,NATIONAL OFFICE COLLECT BLUE
852201,NATIONAL BLUE PEC
853204,LITE
853204,PRIORITY SURFACE
853204,PRIORITY EXPRESS - ROI B SBD
853204,PRIORITY EXPRESS CARGO - ROI B SBD
854105,LITE
854105,NATIONAL OFFICE COLLECT BLUE
854105,NATIONAL BLUE
854105,NATIONAL BLUE PEC
854301,LITE
854301,NATIONAL BLUE
854301,NATIONAL OFFICE COLLECT BLUE
854301,NATIONAL BLUE PEC
854302,LITE
854302,NATIONAL OFFICE COLLECT BLUE
854302,NATIONAL BLUE
854302,NATIONAL BLUE PEC
854303,LITE
854303,NATIONAL OFFICE COLLECT BLUE
854303,NATIONAL BLUE
854303,NATIONAL BLUE PEC
854305,LITE
854305,NATIONAL OFFICE COLLECT BLUE
854305,NATIONAL BLUE
854305,NATIONAL BLUE PEC
854321,LITE
854326,LITE
855107,LITE
380001,SPECIAL ZONAL 2 BLUE
380001,SPECIAL ZONAL 3 BLUE
380001,ZONAL BLUE
380001,SPECIAL ZONAL BLUE
380001,ZONAL OFFICE COLLECT BLUE
